message_id,user_id,action_name,channel,send_time,open_time,click_time,conversion_time,experiment_id
c71ddaec-936b-5947-af95-0f529c4406fd,156b8969-f41c-5070-bf45-9fd3875e9214,complete_onboarding,email,2026-03-13 03:47:57+00:00,,,,
f85d869c-31d9-5852-bc5a-655e0df97724,a8376540-000d-5855-b682-9aa197e52914,complete_onboarding,in_app,2026-04-29 09:40:15+00:00,,,,
0bf811d0-9bba-5d76-80e6-889a2870b992,6dfabb24-2054-5c13-8ef8-23c6a0a3f76c,send_win_back,in_app,2026-04-24 21:04:22+00:00,,,,
27a0361b-8126-5081-bc7b-b931060e06fa,7accd51b-5cc2-57d0-986c-14a0ea1d5337,complete_onboarding,email,2026-05-05 05:50:16+00:00,,,,
4fc25b01-d5b3-5442-8c86-ec08e93bfb50,e1ed019c-9f3f-5021-beb9-a98ac99f0bc9,complete_onboarding,in_app,2026-03-12 22:19:32+00:00,,,,
f7622b86-6418-5a74-a376-c9a4e43fc041,d77ed0c7-11d5-54cb-99c7-bb8a93d35702,complete_onboarding,push,2026-04-24 02:50:28+00:00,,,,
ff392813-22d3-5278-86e6-59262e8eb6db,502708d1-80c1-5f09-b8d5-9234ec96a4e5,complete_onboarding,in_app,2026-03-20 21:37:59+00:00,,,,
6def35a3-b677-5300-9c5e-2bd8509d4f8e,2a68e4e1-34d3-5855-ab5b-60f01584a0cf,complete_onboarding,in_app,2026-03-13 11:57:26+00:00,,,,
59660a6f-fdfd-5f33-935e-6b42f3ab21a4,f4828567-a783-5a3c-848d-34aabf732a71,complete_onboarding,email,2026-04-12 07:50:56+00:00,,,,
00bcdabb-1f00-549c-8dcf-9ec38c185338,428387bf-1c71-542f-9d68-55b76fe22a02,complete_onboarding,email,2026-05-13 07:37:49+00:00,,,,
afcd906f-99f9-55f4-b9d5-3e574c9b9d1f,fd8bb877-6add-56dd-82c9-4d8d68e08367,complete_onboarding,email,2026-04-26 18:24:20+00:00,,,,
736f065e-9284-5594-852e-b98c9ccf4f69,dad25142-5873-507b-bba0-a35ee88f801c,complete_onboarding,email,2026-04-25 12:08:31+00:00,,,,
a2de66ab-f167-5741-a7d9-4c3410c5e438,14be18d2-4bab-5761-b539-6eab4716ce7a,complete_onboarding,in_app,2026-05-03 22:37:22+00:00,,,,
cf985a73-fa3c-55a7-a92a-642a58da2125,84f8f083-372b-5872-b012-986f9ebec92d,complete_onboarding,push,2026-04-07 01:50:19+00:00,2026-04-07 19:50:19+00:00,,,
0297e95d-5b4d-50dc-af24-e6147d1b072f,9a7478cc-93e2-5737-84fd-b8551a7d8984,complete_onboarding,push,2026-04-10 12:34:56+00:00,,,,
c399d73d-6d34-58ea-80a7-98e88a1f767d,c31a4d7d-f6f7-5dbc-abe8-40701bf34301,complete_onboarding,push,2026-04-01 14:02:28+00:00,,,,
aaf37173-36eb-5c3d-9537-f8a4b79a5f56,58787f61-e4cf-514e-a896-d990ba049fbf,complete_onboarding,push,2026-03-19 14:18:06+00:00,,,,
08fce1ee-ec51-55d3-a90f-7684fe0b2ff5,c993aad0-c33b-5914-995c-8311b1dcb1cf,complete_onboarding,email,2026-05-09 22:43:21+00:00,,,,
d6223c73-2797-52b1-869b-15a35690bf99,eea22772-8da6-508b-9ee1-d05be784bf3d,complete_onboarding,in_app,2026-04-03 18:23:52+00:00,,,,
75abe0e6-90c9-5ac6-b0bf-f98566d3d7f6,0fd3b4a7-6ae5-5bab-9b27-31bbfb22d08b,complete_onboarding,in_app,2026-05-02 18:29:34+00:00,,,,
4b33f6a5-e434-5172-b15a-b19d11e81b64,16a9fd4f-b49d-5012-8456-ac70aa9be1e9,complete_onboarding,in_app,2026-04-13 15:13:49+00:00,2026-04-15 09:13:49+00:00,,,
17a2d9a3-592a-5164-bad5-c31d9d402708,03a3fc85-5e22-5ae0-b2a6-049a2681be8c,complete_onboarding,push,2026-04-07 01:57:38+00:00,,,,
78df09ca-5675-577f-aa71-6a70417af089,4f215547-bc6a-54b6-96c3-14de03d686aa,complete_onboarding,in_app,2026-03-22 16:18:25+00:00,,,,
5603215e-91a8-5ffd-ac94-2befbb7df152,0b6530e0-bdcf-5c20-8886-70bc7fd5628a,complete_onboarding,push,2026-03-13 08:34:36+00:00,,,,
f8f1a815-0481-5fd7-84e1-add416f96fc3,bba0985d-42bf-59aa-ae7d-c56ba9dfbb19,complete_onboarding,in_app,2026-04-14 06:23:31+00:00,,,,
ab8a40fb-9a08-5392-be1e-65308f5df8ef,91e3d11e-5341-5cea-8784-408106fb7f77,complete_onboarding,in_app,2026-05-07 06:20:43+00:00,,,,
b19ff680-5c00-556c-9439-f2f10b51fc14,76f32d5d-a5c0-5278-bc4a-2629a8180174,complete_onboarding,push,2026-05-05 05:19:48+00:00,,,,
5d6e4145-ccb9-530d-9308-6e0a9a04d099,7a9e174f-0889-5f14-a7ad-0a7ced67b9ec,complete_onboarding,in_app,2026-05-03 02:33:24+00:00,,,,
837e9f0a-7186-5fde-b759-a33fbb42f1c3,650ccdbc-cd8c-5e32-84e1-447cdf614852,complete_onboarding,email,2026-03-26 02:18:49+00:00,,,,
e8ef935b-4c47-5897-816f-88753c840743,e988c487-5e6d-567e-9f2f-6a99b43cd611,complete_onboarding,in_app,2026-03-18 09:37:08+00:00,,,,
2dbf4c99-0661-5eff-965c-182c981972b6,bb2a5e34-323d-5568-a788-cf1f2476f9ab,send_win_back,push,2026-05-17 07:23:34+00:00,,,,
9aac8894-f715-5804-8dcf-81daf220a34a,e002960a-0752-5156-a7eb-c6d6d1a84ef0,complete_onboarding,in_app,2026-03-31 11:05:41+00:00,,,,
8b1b5fdb-45f9-5b90-8432-b3da6838d45e,14d27e13-82ca-5cf1-95d3-f1850047d202,send_win_back,email,2026-03-30 16:28:30+00:00,,,,
aeaae78f-262f-52bc-8bf1-e6eeac25ec30,e929c47b-9a39-55a8-a07f-eb58017c8097,send_win_back,email,2026-05-31 23:28:32+00:00,,,,
2bdc75a8-5b45-5d19-b541-680b7ddf6d9a,54f02b1a-f482-568c-9ec4-696b31f27244,send_win_back,in_app,2026-04-25 18:03:29+00:00,,,,
973cdcc9-f320-57e1-a231-dc37e928625b,6ecff957-50b9-52f4-b240-fc6b58fa6884,complete_onboarding,email,2026-05-07 15:00:29+00:00,,,,
bda3135d-ead2-5340-a4d3-e6c80ce6eddc,d619668d-46b8-5173-b0b0-b6f1cb64b3c3,complete_onboarding,in_app,2026-04-22 18:38:00+00:00,,,,
ff52b81d-7d48-51c2-bb4a-273be137af44,396ca7d4-6801-530d-bedd-b7ef65add8e8,complete_onboarding,in_app,2026-04-29 17:00:10+00:00,,,,
91d80d97-acfb-51b4-87eb-3c46be655c98,f289d90e-2085-5c3b-b37e-94949747f642,complete_onboarding,push,2026-03-20 10:19:17+00:00,,,,
49335b66-f67a-54d2-ba6a-78db24fc73a8,5015807f-9463-5309-81d2-c57de67f8002,send_win_back,email,2026-04-20 02:37:41+00:00,,,,
4d4b7dc0-1206-5a9f-939b-b309d40dc86e,41edb944-92bf-5a13-bf32-ef26a530548d,complete_onboarding,push,2026-04-08 04:53:22+00:00,,,,
415863d3-5415-552e-9ad2-d9f7ec734041,4d413292-cc70-52a7-a775-883b0bb393a2,complete_onboarding,email,2026-04-10 08:20:33+00:00,,,,
da70f42c-4440-5d2d-a4e2-d25aac01ba57,c3eefba9-eaa8-5ea6-9ea8-aae6096a9773,complete_onboarding,in_app,2026-03-10 00:32:19+00:00,,,,
75c3dd65-b473-5394-a866-97118bc2b113,946b304f-64bf-5072-b07a-1d7c12944f6e,complete_onboarding,push,2026-03-17 15:30:11+00:00,,,,
0a3e8002-0916-5ad7-b726-9d68789ae1a3,d3e4645a-3bfb-58ec-823e-cf8a8250c913,complete_onboarding,push,2026-04-27 07:01:48+00:00,,,,
036380ca-7f22-5a82-9dcc-5b00693a61b7,f0458768-9a9a-5902-8961-ac03237b26d2,complete_onboarding,in_app,2026-05-09 15:42:20+00:00,,,,
023352c3-4d4c-541e-9436-5d60b838d6b5,69de2c69-0869-5e44-8871-cebff35cd4e3,complete_onboarding,email,2026-04-27 09:19:33+00:00,,,,
2151690d-fcf4-5836-856e-7add84b4da2e,2d6690b2-80f4-5417-b67c-68aa1bf58193,complete_onboarding,push,2026-05-12 18:11:45+00:00,,,,
d496db2b-80f1-5fe8-8660-ea48d0cfbc74,3139e0b2-b2eb-5b1e-9e57-7bc1506eb810,complete_onboarding,in_app,2026-04-04 08:22:04+00:00,,,,
4e17c61b-9dbf-51b2-adc0-29abf94f25fe,140a5cc9-3d70-5e0a-bcc9-95de78cefc37,complete_onboarding,email,2026-03-29 11:33:59+00:00,,,,
f3ed4e1d-c4b3-51b7-acb4-a7e789d7a9b3,07234249-5754-54cd-b00a-42b999b54371,complete_onboarding,push,2026-05-08 11:34:01+00:00,,,,
7486a09b-4ed4-5adf-a5f9-119739bec096,1919a46b-3242-5f97-a955-16760d67532f,complete_onboarding,in_app,2026-04-08 09:35:02+00:00,,,,
6054e58c-8615-5a3b-b09a-00329c14857c,9e7d83d1-9c7d-5af1-8982-32d9123d006f,complete_onboarding,email,2026-04-30 21:38:44+00:00,,,,
0be55071-fd91-570f-983d-dbaa42f8f973,f203ef2a-ed75-5535-80ed-457d4cb81983,complete_onboarding,email,2026-03-20 01:45:51+00:00,,,,
0a441df5-25fc-5d08-84fc-a82f2fd8cc8d,77b99a34-f561-5ea6-928a-7ee9d877a2da,complete_onboarding,in_app,2026-03-15 23:08:59+00:00,,,,
618bf52b-75f4-549a-ae93-68c1d438043f,3732fa0b-ce2e-52ab-99b2-2466f84bc1e4,complete_onboarding,email,2026-04-23 08:48:27+00:00,,,,
c597b496-6323-5f15-80fc-99066d399f84,5db0fa1d-bb40-5a44-af77-4b27ffa33de2,complete_onboarding,email,2026-04-08 19:46:01+00:00,2026-04-10 11:46:01+00:00,2026-04-10 12:02:01+00:00,,
9dbfcb91-bf3c-50a5-9d91-a616eeeb2229,7779dfba-d3c3-5806-bb46-f695c35e27df,complete_onboarding,in_app,2026-03-29 18:48:17+00:00,2026-03-31 01:48:17+00:00,,,
1cfa7790-cf86-54b6-ab0c-d4c7c384d07f,a5692f6c-ce51-5017-954d-51953b021132,complete_onboarding,in_app,2026-04-14 22:48:41+00:00,,,,
65408ab7-f364-5b2d-802c-54cc6622ec41,c4e6defb-1365-52f0-902a-defc337babd0,complete_onboarding,in_app,2026-04-22 05:12:42+00:00,,,,
091665b5-840e-592d-8420-71ee0b372a59,76e690b8-65df-565f-8aa7-6cf7e94e92fe,complete_onboarding,in_app,2026-04-06 03:55:23+00:00,2026-04-08 01:55:23+00:00,,,
98a5cc15-831d-5817-ae83-3d614435f1bb,c5dfff90-fe8e-5e80-a36d-31a29c66ed52,complete_onboarding,in_app,2026-03-18 02:05:57+00:00,,,,
03968110-9e53-5782-a4e4-48f22ff62f4e,672c9ce5-bef7-585c-8060-df41de43c558,complete_onboarding,in_app,2026-05-03 10:54:53+00:00,2026-05-04 14:54:53+00:00,,,
17a37a16-f651-5c01-add2-fad4afb2e751,caff0515-cb19-5e39-9d43-d9df84ad1476,complete_onboarding,email,2026-04-19 10:53:21+00:00,2026-04-20 02:53:21+00:00,,,
842a73b3-967e-5ed4-81cf-3160fa5513ba,a7579591-3bc9-5508-85a7-e735a3fc535b,complete_onboarding,in_app,2026-04-24 07:38:19+00:00,,,,
5d0c53f6-c727-5c32-b6d3-2d7021ddbb70,cd9543d0-0f11-5aa4-9143-4a6aa12700d5,send_win_back,push,2026-04-01 17:00:25+00:00,,,,
200ce1df-52a3-5414-b004-3bc2ca4d4740,3ae6e71e-ac3f-502f-bfc9-ed6224de994f,complete_onboarding,push,2026-03-28 13:16:43+00:00,2026-03-29 14:16:43+00:00,,,
4d45cf86-48ce-5d1d-8fd5-15437c64bd79,b9e7ff0a-128a-5bf6-8f96-3eebfbb8c3e8,complete_onboarding,in_app,2026-04-28 23:32:57+00:00,,,,
14c71da4-fbdd-511f-ab6d-172fcdfa592f,a3f86c2a-8d1e-58a5-8d5d-509a01892349,complete_onboarding,email,2026-05-03 10:13:19+00:00,,,,
d15e9f30-67ba-560a-a304-13eba9282e1a,e745d1e0-0693-5d11-8e6c-a69f7387e5cb,send_win_back,push,2026-04-25 00:43:06+00:00,,,,
a5b18281-3f27-5b5d-9acd-1834d6967c77,92944d26-1610-562e-a63d-842f2c2b171c,send_win_back,email,2026-05-12 02:12:44+00:00,2026-05-13 16:12:44+00:00,,,
5d69a615-5698-5e9c-b2b1-d1be7509699b,b89bf2d2-930e-5f4b-9ce0-e72b115dd667,send_win_back,email,2026-04-04 15:25:47+00:00,,,,
4e88440c-5b07-56a7-9862-d36f3eb51cf5,da6dd4f0-b1ef-5621-8e13-173d18388e1d,complete_onboarding,push,2026-05-03 11:00:42+00:00,,,,
fd142b5f-86af-5fd9-8cc4-0e45128ea66f,49ec10f5-170b-5a00-97a6-0b5f146b017c,send_win_back,in_app,2026-05-20 12:54:45+00:00,2026-05-22 07:54:45+00:00,,,
271ac81b-8b6f-5d02-87d9-0d7eedc92759,4cd2a0c8-0ae2-5a33-a96a-bb868b05917a,complete_onboarding,in_app,2026-03-07 12:11:29+00:00,,,,
8ae6868e-4da1-5fc0-9ec3-278418c2f239,612841e6-7900-5c1b-a0a6-6bd81ac42666,complete_onboarding,in_app,2026-04-30 23:34:15+00:00,,,,
e5dace8d-1012-5cf7-a088-3c1e65523b1e,08300bcf-d639-5c4f-8ca3-7de93855f26b,complete_onboarding,in_app,2026-04-30 07:08:47+00:00,,,,
17fcf617-8939-540e-986e-de68ba8133a9,474337b0-bcc3-581c-8d49-ef733f32aa5b,send_win_back,email,2026-05-18 20:16:58+00:00,,,,
9803ce36-9eea-5ac7-b6a2-674851e27988,81614459-831a-5b63-9bf3-e902b99aecf7,complete_onboarding,email,2026-04-21 20:59:33+00:00,,,,
71bce49b-f849-521b-ad28-3a52375d814a,9abaaa70-159c-571c-aa47-a74a4541e6fd,complete_onboarding,in_app,2026-04-08 12:54:53+00:00,2026-04-10 05:54:53+00:00,2026-04-10 05:57:53+00:00,2026-04-10 19:57:53+00:00,
a5a11c92-4b90-5be5-97bc-f1b9ef95443b,43497bbe-5a3b-5aa9-86f5-7050598369ea,complete_onboarding,push,2026-03-26 02:54:47+00:00,,,,
0dab8ded-fdd4-565c-8964-5fb4b880f55b,f5e780e7-ed4f-5927-bf62-47a85cfd08d1,send_reengagement_message,push,2026-05-03 20:53:13+00:00,,,,
d3bc7785-3f91-5e12-8bf7-b523ceef16b9,73255bf5-5187-58e9-949d-3c3703371b51,send_win_back,email,2026-05-03 08:09:03+00:00,,,,
e8db4b5b-d31d-5a20-b0aa-e6c25c94daab,6b91b8dc-0ebe-50b3-9cf9-4353b5001393,complete_onboarding,in_app,2026-04-07 15:57:51+00:00,,,,
d0681aa4-ff78-5a6d-b692-51010a5068fd,6cc88392-8d3c-5042-9660-3f001b8fc088,send_win_back,email,2026-04-29 21:17:01+00:00,,,,
e2e43339-8ca8-5f8e-80be-2070643a08d8,13e22ec7-cf2e-552a-be23-6db2c0b627c7,complete_onboarding,push,2026-03-09 13:42:21+00:00,,,,
cf28323a-4758-5ec3-8ea6-8b0d154d1e0f,9f10c02c-83dc-5c4c-9d09-ffa7bbd2d201,send_win_back,push,2026-04-11 22:30:59+00:00,,,,
5b939087-f8e2-58b2-b514-e69d50842201,ba451cf9-c761-5fe6-b2b2-d8f96b7811e3,send_win_back,push,2026-04-02 21:39:41+00:00,,,,
24c5b696-292d-58c4-831f-15af2c815ecf,a39c5bfe-f901-559b-b50f-1c5949ba287e,complete_onboarding,in_app,2026-04-22 02:52:30+00:00,,,,
34478ad2-6989-5517-88b0-e1c76852d967,563e7551-c2bd-5d60-a6a4-6aab389688d7,complete_onboarding,push,2026-04-21 03:44:02+00:00,,,,
053af577-69e5-5eed-b7b7-c006e2fb0527,b8a3df33-c2f5-59d3-b16b-97153b0619d5,complete_onboarding,email,2026-05-05 00:00:43+00:00,2026-05-05 14:00:43+00:00,2026-05-05 14:07:43+00:00,,
6dc08a42-7622-5ad2-a5e1-95b9aaeb1362,a33126e8-c696-5994-9862-694d0e223f35,complete_onboarding,in_app,2026-04-28 18:50:16+00:00,,,,
697f6cc3-3a67-50fb-8821-7622dddf81a5,e92c1432-8d30-5004-b746-7a3f3d367246,send_win_back,push,2026-05-04 15:32:18+00:00,,,,
f449ed37-16ba-54a7-81f9-29a8b4f58961,4364997d-37e4-5adf-b700-25d57bd3160e,send_win_back,push,2026-05-04 00:15:28+00:00,,,,
bae6830f-0ffa-56ff-a0eb-6236bf7358dc,da56222a-b947-5cdd-8338-8ceb00baac42,complete_onboarding,email,2026-04-14 04:43:37+00:00,,,,
3b712be7-4c72-5f37-b3df-bb191d470555,15db2520-2fed-595b-a3d5-263a87a2d583,complete_onboarding,push,2026-03-13 05:58:39+00:00,,,,
19109d37-a18f-50b0-aaec-e283873d3f7e,e3e5e48f-76e1-50b5-bde2-e7016818f208,complete_onboarding,in_app,2026-04-14 14:02:48+00:00,,,,
dd90ae68-1686-5f42-9925-550d359e8637,a856c982-a872-5344-a542-06de8245a020,complete_onboarding,email,2026-04-30 20:22:30+00:00,,,,
733cd41c-e80e-5ee3-be0c-efc88e838b67,ae8d5e3c-0e94-58a0-a3ce-3a96b396fa0b,complete_onboarding,in_app,2026-03-27 23:20:27+00:00,,,,
e790e173-fe95-5e97-a562-d624a4edd4fa,6f544f84-0155-5c49-b312-6e33b2f76b17,complete_onboarding,email,2026-04-17 14:17:59+00:00,,,,
ddc19fd2-436a-5359-a69f-90eb3d33f1a0,55aa44f2-8ff6-547b-9673-1030162c6894,complete_onboarding,in_app,2026-03-30 23:27:30+00:00,,,,
d2ed7adc-18bf-5e2f-896f-7477b8f06f95,f816d7b1-6c41-59f5-a7fa-b81ce54f7695,complete_onboarding,email,2026-04-06 03:12:13+00:00,2026-04-07 05:12:13+00:00,,,
0f0d21ae-0fb5-53ec-8f05-9eecd9ae5847,deb3a5f6-5d26-5269-91c9-697c0760ac54,send_win_back,email,2026-06-01 19:24:52+00:00,,,,
c59ebcaa-571a-5adb-ad7c-f8ae56c3974e,fc41b5d0-1620-55c0-9aa6-deda167bb5f1,send_win_back,in_app,2026-04-09 19:21:06+00:00,,,,
ce0b7e29-d049-5324-979c-2a40b0b8cf5b,dee34152-abee-5a1a-a7ad-b43430a205cc,complete_onboarding,push,2026-05-14 11:51:14+00:00,,,,
321e4131-7771-58af-9de6-0f24f99833bd,b6b5a513-0390-5f5d-b353-2c420948ff0a,complete_onboarding,in_app,2026-03-09 09:27:04+00:00,,,,
4824aedc-df1d-59b3-8f76-2b52574b4015,239add91-6190-5a83-afb9-de29ef78d9be,complete_onboarding,push,2026-03-23 03:24:12+00:00,,,,
cf7938bc-4b5c-53cd-9482-e9f69ceb0b9f,69acccbe-d428-5269-8675-79b0fa6e1839,complete_onboarding,push,2026-05-02 16:41:33+00:00,,,,
752ed491-3cf7-50a2-9a1a-d50a8d9b01c4,a07e87fe-eb08-5787-ab41-8e498385811f,complete_onboarding,push,2026-03-26 09:58:17+00:00,,,,
36c1eb4c-03f1-5a77-8a74-4d535eddbcb6,42141a09-3fe5-520a-a643-6a5c094673ee,complete_onboarding,in_app,2026-03-27 06:11:27+00:00,2026-03-29 03:11:27+00:00,2026-03-29 04:07:27+00:00,,
24fc6f06-3668-59eb-8078-b3d00a31bf81,da9f04ea-3022-516a-9769-80222ec5174f,complete_onboarding,push,2026-04-05 23:13:42+00:00,,,,
9a63b796-8f6e-5bd9-817b-db733c9314a1,8f5ea733-b308-5d72-b252-8b91a2174a23,complete_onboarding,in_app,2026-04-21 16:08:00+00:00,,,,
4b707067-587b-5f8f-9c27-b65f9d4f3362,7dbc8409-dbcf-5087-bf04-b36e26b3d139,complete_onboarding,in_app,2026-04-14 10:26:41+00:00,,,,
124855fe-743f-582f-9d81-864e0f191ccd,abba3d01-aa6a-5d44-896d-9b1b7c082c7e,send_win_back,email,2026-05-10 20:06:10+00:00,,,,
c43d5b4d-81f9-5e6f-a9d8-b8b51709f69f,37166b19-c54f-553d-aa2b-5aea9b6c4e86,complete_onboarding,in_app,2026-04-04 05:36:44+00:00,,,,
fd0c1b75-e37b-5296-925c-417d28d39ec1,5eff8510-1b91-5f58-969f-fe78f1b6e626,complete_onboarding,email,2026-04-04 20:08:21+00:00,,,,
963f47f1-d9e8-5c64-a34e-edf8267918b8,a8cb04d4-42d4-5d9e-a2fc-3811903b7fe6,complete_onboarding,push,2026-03-29 03:55:58+00:00,,,,
3d2645bb-686f-573e-b4aa-996828e70030,9e192bee-178e-5816-90fa-95d08d5dceda,complete_onboarding,in_app,2026-03-18 12:30:24+00:00,,,,
467ccdee-7a50-5bab-84fe-302f3441d4c1,d909ea62-579e-51f7-a6ea-e88b792f31d2,complete_onboarding,in_app,2026-03-30 01:35:10+00:00,,,,
0ca008db-bc77-592f-bf01-21b25d7ce6bd,6f52a3da-ad94-53f6-9657-cd0a8e0820b6,send_win_back,in_app,2026-03-27 13:36:39+00:00,,,,
d0edaba3-f99a-55b7-b090-fa2108d4131e,9555fc85-a045-557b-a728-9299a1100654,complete_onboarding,in_app,2026-03-14 07:46:18+00:00,,,,
5c05b7d6-1e63-5bfa-8b8b-be0fc205684c,758feae3-48f1-58cd-9c63-86948032b199,complete_onboarding,in_app,2026-03-13 05:07:08+00:00,,,,
c210f17e-cd58-5b03-81a9-9ad855523a78,5184ca1b-b79b-5a0c-ba76-4c4df550031c,complete_onboarding,push,2026-04-24 01:51:07+00:00,,,,
e6f931e1-71b3-5029-b8bf-4fdac0222140,b0dbad5d-6a7a-5fe0-a789-3107065b5e34,complete_onboarding,push,2026-04-25 11:26:55+00:00,,,,
7ef83aea-68f6-5568-9c9b-d176227d3354,291939ac-98e6-5101-af60-219ebecdf53f,send_win_back,push,2026-04-06 03:03:56+00:00,,,,
d376d6e0-f563-53aa-bc9c-763f8e4378e5,e72cced0-252d-52a2-9f1f-57ee92c4141c,complete_onboarding,email,2026-04-10 13:43:47+00:00,,,,
c282e983-8171-5587-8dda-803af88bb3e5,baa6e45a-8806-5d87-9901-03c679d6b318,complete_onboarding,in_app,2026-05-10 17:24:46+00:00,,,,
c2b9941b-d62b-5642-990d-32c5190e8b61,d0d8dad1-5860-5328-ae1d-d0ade6e119db,complete_onboarding,push,2026-03-17 12:13:42+00:00,2026-03-18 03:13:42+00:00,,,
50776f56-fbc1-5513-9830-af5b88b677d6,25dac7cb-be81-59fa-a69f-27633e747999,complete_onboarding,in_app,2026-04-24 01:06:22+00:00,,,,
e218d5c7-f995-56d7-9b35-549e4bf9012b,4c8e9b09-45e0-5d2a-9aef-b0ae66574065,complete_onboarding,in_app,2026-04-10 04:45:22+00:00,,,,
fc0957e2-83e8-596f-9734-95ce2d50b881,7f80174c-ea56-5980-84a7-6297754172cd,send_win_back,push,2026-04-25 18:50:04+00:00,,,,
64166420-9b5d-5555-ada6-9e6cb97cef7d,b7d2f6f2-6a47-5171-8121-31d77124aec4,send_reengagement_message,email,2026-04-06 06:58:15+00:00,,,,
50729bde-44a5-55c9-98df-609c37763af8,bf1e39a9-4d20-5428-9eb4-ea28b129ab4f,complete_onboarding,in_app,2026-03-27 19:18:13+00:00,,,,
ba2c7cc7-144c-53b8-865e-8d57bc6479bd,e996f0e4-f787-55f6-927d-f91bc94df46f,complete_onboarding,push,2026-04-23 04:12:28+00:00,2026-04-24 22:12:28+00:00,,,
f415fb29-e726-5d9d-a23b-67f0b83b3f8b,b7eca738-b005-5dbc-8551-de8ce79c5404,complete_onboarding,email,2026-04-19 11:44:51+00:00,,,,
7ee847b7-89b9-5436-9f1b-256f37e2ae4d,89831d70-6101-5d50-9ce6-33c3872965c6,complete_onboarding,in_app,2026-05-12 05:15:02+00:00,,,,
f70a62ab-a2a0-592a-9b4d-8b7c3b3b1025,9f594ee4-2341-5a16-987b-4cb7990f29b6,complete_onboarding,in_app,2026-03-15 03:25:02+00:00,,,,
4a31585e-8760-5819-a723-7131d26ebc9c,796d5162-d917-5806-9ee0-989077c5cd25,complete_onboarding,push,2026-05-12 08:54:08+00:00,2026-05-12 18:54:08+00:00,,,
5212a5a5-80b8-5ccc-89d5-8400f2f28c73,fa0d2ca7-31d1-52a4-9f58-4d8631c2b4b2,complete_onboarding,email,2026-05-08 16:36:33+00:00,,,,
2a8f3710-5d42-51d1-b683-61fd5e3a52ab,27d0e1ae-43e6-5ce1-b724-c338d5b88ae9,complete_onboarding,email,2026-04-10 03:49:42+00:00,2026-04-11 18:49:42+00:00,,,
5c9198b2-a54f-5e53-aaa0-2906e0ad91d6,95d8d26b-d936-5be6-bc9c-5881bbf570be,send_win_back,in_app,2026-05-13 06:42:53+00:00,,,,
8189b183-b8d6-5f15-9451-7e8333ff645a,aa482b3e-07fb-5b0c-a756-4a7c39d099f2,complete_onboarding,in_app,2026-03-25 08:16:49+00:00,,,,
2be3a3b6-8836-5181-aae8-96aadda92fdf,d323f193-1bb4-5929-9378-db949a40a7e8,complete_onboarding,in_app,2026-04-28 17:33:49+00:00,,,,
f8a05b4d-3ce0-5ab3-8c78-3bca11183fbb,9c28dc3f-72fc-52ba-ab9e-8242d771edc0,complete_onboarding,in_app,2026-05-12 20:57:20+00:00,,,,
66a0b2fc-0963-5086-b0a3-59d6db2960cc,22ca9af4-5939-5831-a345-6c76d4f6e123,complete_onboarding,in_app,2026-03-25 00:26:51+00:00,,,,
a7ae9de9-92c9-5acf-b076-76574829fd4b,71efbb99-8cb8-587f-bb93-c0c8403a0b8e,complete_onboarding,push,2026-04-25 11:10:11+00:00,,,,
f93e59bd-39d9-5a22-85a9-ccc0a1bf922c,9e5617ea-4441-5a4a-9423-cb4fc0c34324,complete_onboarding,in_app,2026-04-30 10:35:40+00:00,,,,
d6bf0dc9-62b2-5a4e-89ac-0b1b2153230a,011e7c41-9604-5265-985a-3fcb71749868,complete_onboarding,email,2026-04-07 00:08:32+00:00,,,,
2118337e-227e-5f84-895f-53c0cb0c054b,e1c7370e-7e5f-5ac5-87e7-2668c259f108,complete_onboarding,push,2026-04-26 20:20:18+00:00,,,,
e14b246e-9df0-5530-81d6-6fcc6f677ca9,67c8813a-5dc9-5b49-92db-c31e31efc617,complete_onboarding,email,2026-03-25 18:49:54+00:00,,,,
010f9ae8-8305-540b-b46a-48ba601dc573,dccb4cab-d2bb-5e0b-9f20-c03b6e05247f,complete_onboarding,in_app,2026-03-12 11:14:36+00:00,,,,
807c9fce-51cb-594b-8bad-0527abe0fedd,fb648a92-4439-5287-bcfe-085dff4a0f48,complete_onboarding,in_app,2026-05-08 06:42:33+00:00,,,,
2f446d68-c051-5389-b0e8-8c8ea9e6f47e,1714e5c3-c1c4-5239-8ac1-c4342ec5dae3,complete_onboarding,push,2026-04-24 13:52:36+00:00,2026-04-24 16:52:36+00:00,,,
da955c8c-27fd-5cab-914d-1707f0177651,7c5f767f-b6e9-59b3-80b9-d512ede004ad,complete_onboarding,in_app,2026-03-20 23:06:48+00:00,,,,
ed3b3375-39ff-5691-9144-8968f87b3ca1,d503d16e-f21e-5b0b-8850-8e86dcd42d5e,send_win_back,in_app,2026-05-14 18:59:47+00:00,,,,
c2230108-53e1-5f4e-9c43-0a7f8e71a44e,8a79ff48-1d3f-5561-a986-5fc9599c4f97,complete_onboarding,email,2026-05-01 19:08:30+00:00,,,,
0321e328-f990-5e8a-bc26-9c7e3968a732,811fbc53-7e1c-509e-a3a5-31ff630f42c1,complete_onboarding,in_app,2026-04-15 23:11:14+00:00,,,,
645dd12e-713b-5941-8f64-9f9ed7feb701,3fcee84b-74ff-5a13-9272-c28a5ac47c77,complete_onboarding,in_app,2026-04-13 17:40:41+00:00,2026-04-13 21:40:41+00:00,,,
ea82f146-9900-5bc0-8ac2-401377804032,8105a48c-a361-51d9-98a5-126980c53eb5,complete_onboarding,in_app,2026-03-19 04:44:07+00:00,,,,
be391637-dad7-5c22-8021-be284174b44e,179b3f68-6330-50c9-8013-01c63a3f1580,send_win_back,in_app,2026-05-24 02:33:10+00:00,,,,
761656ec-1976-566b-a4aa-b6af89b33aff,d75f3e99-de0f-5b8d-a876-cc7af7bb1a03,complete_onboarding,email,2026-03-08 08:19:53+00:00,,,,
f783e3e0-8187-566a-b662-634b1b75bbd1,9ebd8333-cf45-5b35-b1c5-8dbb032cffe9,complete_onboarding,in_app,2026-04-28 08:06:29+00:00,2026-04-28 18:06:29+00:00,2026-04-28 18:46:29+00:00,,
d01dfa3d-41f9-58cc-af10-f4e89b171a4f,f605f9d9-31a4-5511-a73c-2a2952f2e5a0,complete_onboarding,in_app,2026-04-25 15:25:49+00:00,,,,
fa868994-21f2-57fa-86f7-9ebe773fe9bc,3cde4d43-f807-5dce-8270-29b196e73a57,complete_onboarding,email,2026-04-21 18:25:16+00:00,,,,
21186510-694e-5d44-a52c-19f322276d63,3224a560-71cc-5d7f-9f8c-dda60aa3a808,complete_onboarding,in_app,2026-04-05 19:32:44+00:00,,,,
ba03d8cc-2839-5819-9796-cd5b413fb1ba,7463cbde-6778-5f14-bf3c-5ea5ad43c9bd,complete_onboarding,in_app,2026-03-28 07:09:09+00:00,,,,
863d87b7-cb8f-5c98-8d02-2e9e364f60d8,441de2dc-7909-5e3c-aa5a-6f56cef565c8,complete_onboarding,email,2026-04-19 06:49:23+00:00,,,,
bf0bd519-fb0d-592a-91dc-4c6a716e6b8d,2ca7b43b-53ca-5fd7-96bf-b3150cdbcefa,complete_onboarding,in_app,2026-03-16 16:12:40+00:00,,,,
1e215d33-a219-5ff3-bea8-c5886c981ecd,e2119a60-1993-5638-a804-1e18d5c191ea,complete_onboarding,in_app,2026-04-16 07:15:57+00:00,,,,
e1c3e862-1b8c-5ffb-b130-67e3c2f16f5e,96c4e057-b910-5d67-a084-148ee11e640a,complete_onboarding,in_app,2026-04-20 20:08:44+00:00,,,,
305fb16f-f206-5efe-9060-1bfd4cae7184,ddf3a950-5c04-55a1-baeb-ac58bebee60d,complete_onboarding,in_app,2026-04-19 09:12:06+00:00,2026-04-21 07:12:06+00:00,,,
bb1d7429-2252-543a-9571-a92605401247,a2ed1b6f-ede2-539d-b9c2-f54ec879a9b2,send_win_back,push,2026-03-31 19:50:22+00:00,,,,
8da45482-28d7-5f3a-9189-bb8238fa80af,d729ea1d-a84d-5ccc-b239-e77d941125a6,complete_onboarding,push,2026-04-28 06:23:58+00:00,2026-04-29 19:23:58+00:00,,,
846c9c79-1249-56fa-9f9c-4845f12b33b6,19bd4ee3-a51a-50b3-ba0a-523c22cdcb57,complete_onboarding,in_app,2026-04-04 16:34:36+00:00,,,,
bfe73bd1-7750-5ade-aab5-498e085dc9be,c8caa692-b530-5c3a-87e3-db5dd88ac66d,complete_onboarding,in_app,2026-04-30 07:05:01+00:00,2026-05-01 14:05:01+00:00,,,
8eb4a65e-c368-5de1-81fa-41847ee05e48,d2269551-085b-5b2b-b9e2-33de4dd124cf,complete_onboarding,in_app,2026-03-09 20:54:46+00:00,2026-03-10 03:54:46+00:00,,,
3b0a7074-c694-5c8e-b830-e5870beaa3ae,96881d49-646c-582f-ad78-7a5f97634c3e,complete_onboarding,in_app,2026-03-19 09:10:46+00:00,,,,
70772d87-adb2-5b58-a2bd-041d297d0e07,67c67307-8049-5dc3-8c40-611098faf657,send_win_back,email,2026-04-29 02:02:54+00:00,,,,
da69c5ee-c472-56b4-93f1-c04d984a8069,ca671103-6a68-59c1-927a-a98f448c245e,complete_onboarding,in_app,2026-03-19 23:42:02+00:00,,,,
6da43898-dec9-5779-b95a-f5ec18539388,d306f749-e6eb-5a7f-bb5c-74c944edf451,complete_onboarding,in_app,2026-03-29 18:14:59+00:00,2026-03-29 19:14:59+00:00,,,
54236340-49f6-5cf4-b174-18f9d39eb447,8431fc5c-e874-527b-bb1c-6bf5bcad76bf,complete_onboarding,push,2026-03-19 02:06:22+00:00,2026-03-19 16:06:22+00:00,2026-03-19 16:38:22+00:00,,
fa067565-9081-50b0-a081-e7b6fad06519,105c0e84-9935-5721-a324-8919e7652291,send_win_back,push,2026-05-19 18:00:28+00:00,,,,
9a160af0-0f62-5528-bfe2-003fcfb99c04,093d3cb3-8a22-5fc0-9d2f-13ed9c3522fc,complete_onboarding,in_app,2026-03-18 18:30:06+00:00,,,,
654a7e03-c4ba-5225-a2c1-8f344544db92,f023d162-ffd8-524b-aa8f-81d7b5c5f17d,complete_onboarding,push,2026-03-27 16:47:16+00:00,,,,
25c020a9-8614-5b7e-bcdf-3894a1bb4e2a,eff4986b-ad15-5da8-b673-7fa910a522a4,send_win_back,in_app,2026-05-28 19:59:55+00:00,,,,
d9dbfef8-ccff-5ad0-865d-b8d500a72f16,22a894bc-34bb-501f-b6d7-9e55bf7a4d60,complete_onboarding,in_app,2026-05-14 06:54:57+00:00,2026-05-15 02:54:57+00:00,,,
84f3c5c8-f658-5fb7-9d6e-eeb7610950cb,9e38474c-84f0-52a2-9b8f-ec5b7409fb87,complete_onboarding,in_app,2026-03-30 22:24:58+00:00,,,,
c505e1cc-6a81-56a2-a2d6-6f3c8320837b,7ca281b8-f8ca-5153-9bbc-e64ee72eb554,complete_onboarding,in_app,2026-04-16 18:33:20+00:00,,,,
ceefb682-4bc0-5134-aaa9-e3017d4967fa,de6f33ac-ed1b-52c9-a184-bf19fc985f71,complete_onboarding,in_app,2026-03-27 08:06:38+00:00,2026-03-27 15:06:38+00:00,2026-03-27 15:44:38+00:00,,
2be8616a-0605-5441-9c70-6a3c38909176,ee70d0ab-d549-5f2b-900d-f04b98d11f27,complete_onboarding,in_app,2026-03-08 13:45:46+00:00,,,,
0a36952f-42f7-5a9b-8d0b-fcf19079fec6,f835d86d-45f2-5ae8-b96c-3c84cef2055e,complete_onboarding,push,2026-03-17 10:52:51+00:00,,,,
6398fe17-d666-51a3-a75a-cd77760098af,9acb27a9-0731-5a3b-89c8-83a3db7ab603,complete_onboarding,in_app,2026-05-12 03:22:25+00:00,,,,
610480ee-725c-52d7-9089-2222903a12b5,b08c3341-db16-5db0-897b-d010358c0298,complete_onboarding,in_app,2026-04-09 06:41:39+00:00,,,,
b3e32e60-b154-58a5-aa89-325157a58aea,805bdd50-94de-574c-a66d-ae2343bfc3db,complete_onboarding,email,2026-04-08 05:31:47+00:00,,,,
cc83928d-7e0f-5376-a862-e0354233d3f1,5ae8614f-f946-5147-9caf-7c0c1e4cb7c9,complete_onboarding,email,2026-03-12 17:00:02+00:00,,,,
5ec441c3-8d42-589b-a274-212acf3443fd,2f52713a-dc37-5b13-b2da-3ab28c540ad5,complete_onboarding,in_app,2026-03-26 00:48:09+00:00,2026-03-26 05:48:09+00:00,,,
bfd80c39-3ba7-5cb7-bee1-36c3ef7af45e,18eafa05-d3cb-514d-8f67-f4927b1aed7e,complete_onboarding,in_app,2026-04-09 13:54:21+00:00,,,,
2e541357-b57b-54af-a79d-8f81400f06a4,8cb728ae-4b74-50d6-bc05-0c0abfea6c19,send_win_back,push,2026-04-25 10:34:26+00:00,,,,
8879a7dd-9dbf-5fa1-92f5-b3e89b42d1b5,b39695d2-a605-5d7c-bdab-37160d1208d0,complete_onboarding,in_app,2026-03-18 02:38:49+00:00,,,,
9343edad-a668-5fe5-8340-369ef9bdbc78,f7f21f72-b53b-5f3d-823b-37aa52ed1df9,complete_onboarding,in_app,2026-04-13 09:57:24+00:00,,,,
13e5af79-34d5-5439-a104-aa989fd5f774,0edabb5b-5850-53b2-b695-e705f020a6bc,complete_onboarding,in_app,2026-04-08 16:05:53+00:00,,,,
ed2e527e-b7a7-580c-a477-960f2f16efa5,9d16a219-d8ec-566a-9568-34ad3079b681,complete_onboarding,in_app,2026-05-01 17:22:51+00:00,,,,
468e2f50-56d2-5ee1-bc00-a9c76dd7887a,45a4d182-44c8-5d16-9fbd-a0149345e6e8,send_win_back,email,2026-04-17 21:04:40+00:00,,,,
f4673c9e-6a5e-5ef8-b943-a3430e511eb2,77e1f682-f44d-5e73-a474-09634709ffed,complete_onboarding,in_app,2026-04-13 14:31:37+00:00,,,,
c375b6f2-ad6c-5fb1-b46d-9742549c8558,a20141f6-fd44-5e1a-97b2-71ced806a7f1,complete_onboarding,email,2026-05-04 15:13:54+00:00,2026-05-04 18:13:54+00:00,2026-05-04 18:55:54+00:00,,
2621db40-567c-529c-a14e-b62942802571,747b968f-e375-5004-863c-f985c1f3bf50,complete_onboarding,in_app,2026-04-06 06:50:13+00:00,,,,
6e90e1d6-8c01-59db-b0ac-ef4bfc54ad83,2a3830a5-9712-587e-9bdc-99806b1d8baf,complete_onboarding,push,2026-03-26 15:13:45+00:00,,,,
ee3d1495-48ab-51d2-b231-33332266591c,95dbf442-309d-5c26-a6e4-94dc3d4c330c,complete_onboarding,push,2026-04-01 02:15:03+00:00,2026-04-02 08:15:03+00:00,,,
0e015e9f-8875-54b2-a28e-658aa6bc3740,3f11bf8e-624e-56f8-94e9-d35b87ac18c7,complete_onboarding,email,2026-05-03 00:20:20+00:00,,,,
47443ef0-e023-580f-bbf0-70947d877b66,fa911d87-a280-5f11-b1b5-c04820b1f6db,complete_onboarding,in_app,2026-03-07 16:25:15+00:00,,,,
f2cb2d07-9931-5820-bb00-ac4f4c82cb62,ed2fb2ef-de3b-5ef7-b999-2ba6a8e73aa5,complete_onboarding,in_app,2026-04-14 05:29:00+00:00,2026-04-16 04:29:00+00:00,2026-04-16 04:45:00+00:00,,
b2c7616b-2cf9-56ee-823e-0d353509f976,27a7cf18-78ae-51a0-b0a8-103b98adbfae,complete_onboarding,push,2026-03-28 18:47:09+00:00,,,,
2d78e80b-b672-5423-af49-d3b6f8802f22,eeebfdb2-b2c9-5dc9-9e08-5d3b0249f6ef,complete_onboarding,push,2026-04-21 22:52:38+00:00,,,,
3d3fd782-352f-5bb0-a4c4-d7f0b7a590ea,fb56eb67-9cb2-5467-af04-53c44eead7ff,complete_onboarding,in_app,2026-03-15 04:51:19+00:00,,,,
bfc06bc4-7836-54e7-b7b2-22b58b5b1fb3,923b7224-3407-590b-9eb3-5189d74cdd65,complete_onboarding,in_app,2026-03-26 09:43:22+00:00,,,,
01e651a7-0bcc-5c79-9976-fdb4186f1c50,9027f67c-1675-5928-8e8f-4c6fc3c893e3,complete_onboarding,push,2026-03-23 19:51:13+00:00,,,,
6ab6f585-83a0-575e-bf21-d33cb2254b5d,543e675e-5894-51f7-a8a5-e9e4eaf18f0e,complete_onboarding,in_app,2026-04-21 12:00:12+00:00,,,,
d6b57dcc-9d48-5abd-ae1b-76b239567abf,2ea104d7-fee6-5a34-80e9-fb88ce5fd009,complete_onboarding,push,2026-04-26 09:22:09+00:00,,,,
7f0fb92b-d301-56d7-b681-0a32551ccfee,3c099503-27fe-5095-884f-ad3315d2cd45,complete_onboarding,push,2026-04-26 03:54:10+00:00,,,,
41337ed0-a6c7-5738-b090-a258a15f8c07,43497311-b14a-5152-b51f-ac85b6da0a05,complete_onboarding,email,2026-05-10 18:35:18+00:00,2026-05-11 14:35:18+00:00,,,
ef0f6d56-a5aa-57be-8dd8-b462e4f11b40,0a4398ea-f768-5b7b-a489-40154ff5af0d,complete_onboarding,in_app,2026-03-29 03:02:41+00:00,,,,
2afc03f3-356c-5364-994e-fed5a47fa0bf,ce3edfef-991c-5fe9-893d-fb10127ab5b2,complete_onboarding,in_app,2026-03-14 10:25:07+00:00,,,,
41679952-a93e-5258-9193-44f9f33bcd94,74fd5acd-063c-583a-bafa-14916866d52a,complete_onboarding,in_app,2026-04-18 09:50:53+00:00,,,,
7cb356d1-c2ad-5ed9-b698-0233ce0d4a06,09bf1a26-8638-53d7-a3ef-668858090387,complete_onboarding,push,2026-05-09 04:54:55+00:00,,,,
85fd48a0-9ee4-508c-82e4-f8abc92851c2,336f6e94-81a1-5ea7-a843-715969243766,complete_onboarding,push,2026-05-13 06:51:24+00:00,,,,
4142e3e3-6077-5858-9a75-d3fd7e717944,967b7c81-9bc2-5d9f-a589-75a4b2768deb,complete_onboarding,push,2026-03-22 21:14:02+00:00,,,,
f3d5d0c7-5579-597a-843b-ff8505a339eb,088b7153-9560-5ab2-aec2-60093f5dbc3e,complete_onboarding,email,2026-03-23 07:34:11+00:00,,,,
ac50a277-377a-5c1a-ad49-5c0dd2bae0ed,9ad2959a-0906-590f-a77d-a64bf3e95cd2,complete_onboarding,in_app,2026-03-16 17:55:47+00:00,,,,
e874a3a6-85c0-5ba1-90b7-bf12804384ad,b4bb8249-6ac0-50ae-a5b5-40fa036d8b09,complete_onboarding,in_app,2026-04-14 06:50:07+00:00,,,,
7206df4b-832a-5e7d-a7f2-31e67dd43406,372350a5-567a-56cd-be46-3864fc9ebb70,complete_onboarding,push,2026-04-13 17:30:21+00:00,,,,
9f708047-7536-50ab-b331-c9a576414842,6ce5979e-1991-537b-af7f-33195d0bdc40,complete_onboarding,email,2026-04-01 14:14:49+00:00,2026-04-01 23:14:49+00:00,2026-04-01 23:52:49+00:00,,
293d478d-9180-5ffc-8fe7-663c571bf2d8,ce8bf30c-bf4c-589c-af40-9d7f3eea6792,complete_onboarding,in_app,2026-03-28 09:17:09+00:00,,,,
38322b74-6c82-53e2-b495-9605d6db16c6,8f935543-0bdc-5af8-b6f9-5b307a15a87f,send_win_back,push,2026-04-26 17:48:57+00:00,,,,
287c17f1-981f-5ff4-8b6f-4a3ae2e16cac,b66c9ad5-5f8c-5092-a411-88c88cf119ff,complete_onboarding,push,2026-05-01 18:27:50+00:00,,,,
4e0c0460-4f6a-52da-8dab-200bdc22aab2,d41e62f6-b071-58e0-ae7b-b171c365acfa,complete_onboarding,in_app,2026-05-12 11:04:42+00:00,,,,
039af8fc-269b-586a-bf74-d2d5c3923fe8,bb815448-cdf6-5b8c-8433-fd277490b6b4,complete_onboarding,in_app,2026-03-28 21:10:54+00:00,2026-03-29 00:10:54+00:00,,,
7e3a6cac-ffdb-5248-bf01-40bb562c90f8,0f159c23-c719-53f0-849d-adfca56d11b2,complete_onboarding,in_app,2026-03-20 23:44:03+00:00,,,,
78af7625-c2f4-5c3b-8bb1-6b42a3560431,174f5348-ec2d-57a1-8e13-076b521c6282,send_win_back,push,2026-05-30 18:00:04+00:00,,,,
046e2920-c55a-5545-a47e-6848ed8da335,5fb3df64-0ffa-538d-b135-29e2b7a9dc03,send_win_back,push,2026-05-08 19:16:48+00:00,,,,
6febe937-b1ff-5c70-8216-be4598f4becd,0bffaabd-65d5-5187-998b-a60c0d7fc6c6,complete_onboarding,push,2026-04-18 21:47:59+00:00,,,,
f94900e5-6143-50bd-9b63-a91a9447ba5f,e5aef322-f3c8-5488-b670-f288bb8e4b3b,complete_onboarding,in_app,2026-04-11 12:56:03+00:00,,,,
900a8524-5e68-5845-9cde-2f075d7c912c,08b553cd-43a9-5198-86fe-477499e903c3,complete_onboarding,push,2026-05-08 11:33:39+00:00,,,,
17a0cf6a-2a50-5434-b5eb-6216900350a8,4209aeb2-f862-514f-9134-519b1d08398c,complete_onboarding,in_app,2026-03-24 15:52:40+00:00,,,,
4197dfc0-6048-5669-bf54-30ac02860060,6f725a9e-6379-5775-b5cf-c2b80a21aacd,complete_onboarding,in_app,2026-05-10 14:05:16+00:00,2026-05-12 13:05:16+00:00,,,
ec2d2c4b-c64e-59e9-8651-cc691d3db951,c4d05d31-50cf-51f7-aad1-0b7ae5db2ab9,complete_onboarding,in_app,2026-03-19 11:14:32+00:00,,,,
101cdbd5-7921-512e-bc59-37854d734ba5,39157d6a-2a2e-58bd-a5f8-04aa34334664,send_win_back,in_app,2026-04-06 08:35:24+00:00,,,,
3162516e-7f42-5958-818b-b1ac1e2ac7f0,e43d1e91-493f-5f9a-923d-5d9697b9c9d7,complete_onboarding,in_app,2026-04-12 18:54:26+00:00,,,,
8933d840-7f3d-5872-a4d2-481a565486cc,c34560d6-aca2-559a-990c-8f08d7ae8c08,complete_onboarding,push,2026-04-06 00:31:13+00:00,,,,
9ba83335-1636-53ba-8571-e247c0043589,5be3ace8-c2d9-5f91-a6e6-2ed5f307ba01,complete_onboarding,in_app,2026-05-14 11:22:25+00:00,2026-05-14 19:22:25+00:00,2026-05-14 19:24:25+00:00,,
0bb92c9e-be78-51ba-979e-1fd3f893234b,1ddf2368-0c5e-55c8-a2a1-4f471bf117f2,complete_onboarding,push,2026-03-17 10:56:59+00:00,,,,
6918af03-19d3-5d48-8718-2c69d579f04e,6009f753-cd20-5908-a08b-853ab1070194,complete_onboarding,email,2026-05-04 08:23:02+00:00,,,,
5835139f-e90a-51e1-a333-f3bf4ad0d24c,c664bb95-141f-57e6-a5a9-94fa15518e95,complete_onboarding,in_app,2026-05-07 11:09:07+00:00,,,,
41c34f4a-c2b8-515b-aeab-2daf51ab8cba,f0c1bf4a-154d-5e26-88e9-c744f97ff5a8,complete_onboarding,in_app,2026-05-07 15:32:50+00:00,,,,
aef8ce09-4076-5446-a3e5-c929f1a4acef,b466d678-fbb9-5024-8b79-02dcdb35a3f6,complete_onboarding,push,2026-03-15 00:03:50+00:00,,,,
4a3f6fa5-3db2-5540-9560-ab04b890eb7a,4b490e51-5029-50a2-9a4d-bbac5d3560a3,send_win_back,email,2026-04-16 19:10:41+00:00,,,,
5f2459da-16d6-5d5a-a95a-1527d6aba936,761f00bb-740e-52a2-afeb-501efbece80c,complete_onboarding,push,2026-04-29 06:27:08+00:00,,,,
d15ab566-92ae-57d4-b56f-902050100897,6390824e-5cb7-5eaa-b134-ee2e704a069e,complete_onboarding,push,2026-03-30 03:43:34+00:00,2026-03-30 06:43:34+00:00,2026-03-30 07:30:34+00:00,,
16fedc11-9bfb-580c-9ede-4915471b291b,cd562658-7102-5e0d-aaf0-32da95ddde4c,complete_onboarding,push,2026-04-21 15:42:38+00:00,,,,
46526202-cdb5-53aa-b76d-294276bd01f8,12f47481-301d-5177-8866-d422bea079ea,complete_onboarding,email,2026-04-26 19:50:17+00:00,,,,
eddfe6d7-4561-587d-8423-729ce1f499af,2a50ec9f-3821-507f-a9f0-a2167d852b9c,complete_onboarding,push,2026-04-27 12:40:59+00:00,2026-04-29 03:40:59+00:00,,,
ef369065-c1c2-5b59-991f-f2dadb482c81,df92a2bd-6678-5e73-bdc4-7cf780455f8e,complete_onboarding,push,2026-04-02 05:15:56+00:00,,,,
36359a11-9684-5685-a8c6-6a92f5e020ea,89f33000-035b-5da1-8e7e-bc32bdff17c6,send_win_back,push,2026-04-13 02:38:03+00:00,2026-04-14 20:38:03+00:00,,,
20fc1439-ded5-5d11-9be1-ab6dea11652a,3f7640f9-fdac-57d7-a3f5-c6cb0ccdceb9,complete_onboarding,push,2026-03-07 08:47:17+00:00,,,,
539d47af-c23f-506d-90ca-87a1e6d86d32,de8eb4b8-c0e5-5d55-be49-432eebe8c622,send_win_back,email,2026-05-29 15:21:44+00:00,,,,
b0169548-145d-5b4f-bde7-7a330a88e01d,2e091160-4617-5155-9994-2511d13c7b73,complete_onboarding,in_app,2026-05-11 09:26:34+00:00,2026-05-13 02:26:34+00:00,2026-05-13 02:57:34+00:00,,
5b04d284-9264-575f-9bd8-14f08547efc1,e1f6bb7b-565b-535f-b4f2-fc3beefcff39,complete_onboarding,in_app,2026-03-09 04:50:39+00:00,2026-03-10 20:50:39+00:00,,,
566d222e-f0f6-5266-a1d1-353f45ec6542,71af1c2b-d80d-5757-ae0f-9f2e8ec397f2,complete_onboarding,in_app,2026-03-11 16:00:58+00:00,,,,
d18840a8-69e6-582f-b413-3b28e8f88faf,dc0c8e93-0d62-5f31-a902-3174ddee7a33,complete_onboarding,in_app,2026-05-03 08:19:20+00:00,,,,
07aecbc1-0820-543a-8374-1062ef1b16d6,50b4763e-6370-5bab-b4e1-861658fa1d9c,complete_onboarding,in_app,2026-05-07 13:00:18+00:00,,,,
a1818151-2e2d-5120-91c8-9fde180ad4af,3e23bfcf-d3e2-5808-857b-2df62356785c,complete_onboarding,email,2026-03-17 13:50:18+00:00,,,,
85bab036-ba10-5f10-b8f3-3e7e401e90e1,b12e1255-0b17-55cc-9e39-a2d2d24eadb6,complete_onboarding,in_app,2026-04-27 12:36:00+00:00,2026-04-28 02:36:00+00:00,,,
49cc83f9-e71b-534f-ac5e-190d5855fade,4c79db89-0155-57f1-bb91-34dfe293effe,complete_onboarding,email,2026-03-19 08:52:04+00:00,,,,
acda8ee6-2f57-54d1-91c8-e670b23cff9f,e9bb8d60-0203-5ac8-a555-018386fa721a,complete_onboarding,push,2026-04-01 08:05:52+00:00,,,,
8051f60d-d465-5e21-9f05-1d3a8f01446e,bb2565ac-340d-53ee-b69f-a130e2e17014,complete_onboarding,in_app,2026-04-17 08:34:39+00:00,,,,
21c0f1cc-d814-5828-9e3f-b4b28e77946f,ba32da36-a029-5fee-a7cc-e382785e098f,complete_onboarding,in_app,2026-04-25 16:11:54+00:00,2026-04-27 13:11:54+00:00,,,
dad74596-0751-5324-8fec-cd9342d9bd91,c2bc08dd-66dd-53c3-a522-d07695e65bd3,complete_onboarding,push,2026-03-10 02:09:48+00:00,,,,
497c58d7-0fa6-520c-ad01-161015a8c0b5,2185d9b6-a340-5d0e-a2ed-de4b8da3a78f,complete_onboarding,email,2026-03-26 08:31:19+00:00,,,,
d8fc0e3d-0414-554e-bc57-0ac272f1f3f6,43e67025-b130-5a4d-ad2d-0b790db14e6c,complete_onboarding,in_app,2026-03-28 09:53:44+00:00,,,,
2501e661-a6ef-53b6-ad9c-d368f3509b40,dc479885-52e6-579e-a42f-5036aa2e85b2,complete_onboarding,in_app,2026-05-14 20:44:01+00:00,,,,
92b7f5a4-a48d-5c13-846d-dcead10036c4,6bbd2a2e-f829-5831-829b-69e1a68534bf,complete_onboarding,in_app,2026-05-13 01:20:39+00:00,2026-05-13 23:20:39+00:00,,,
381cc668-fe72-5253-9156-092364d1baa8,4908e47b-420c-5c56-b1ad-2770716053a3,complete_onboarding,in_app,2026-04-10 13:13:37+00:00,,,,
0a798f98-9710-5723-93e0-0e32a836225b,79490007-e8cb-5a6c-857e-fa8c0a9bbbc2,complete_onboarding,in_app,2026-05-10 11:19:13+00:00,,,,
c187b0f2-cc63-56b1-a575-631d3a8a6505,7c205ac4-3d04-5a26-adeb-7a9666e69284,complete_onboarding,push,2026-03-22 20:18:36+00:00,,,,
cd4f0df0-a347-5957-9f65-f1a76290ec74,e0053732-98d0-56e1-982d-8daefe875fa6,complete_onboarding,in_app,2026-03-16 02:17:50+00:00,,,,
b1216222-9a4c-5efd-9fd6-10ee728b9466,c34179f6-e12b-5cff-941c-0da356812cb6,send_win_back,push,2026-03-27 05:44:37+00:00,2026-03-28 21:44:37+00:00,,,
782fa1c2-9f62-54d8-98d8-f49f62fa74ef,f6e7bcbc-728f-5a67-a318-9c2b2032c9a9,send_win_back,push,2026-05-11 18:12:08+00:00,,,,
c6e2ec4e-4658-54e6-800a-60f9fee10b9c,2720ac8a-d001-5c15-a9e9-95c318b62259,complete_onboarding,in_app,2026-05-12 21:10:36+00:00,2026-05-14 16:10:36+00:00,,,
a9982485-e31f-5cfe-aefb-9634a5124e96,86d3e72a-cada-5538-81c6-3935f8b48690,send_win_back,in_app,2026-04-15 11:03:43+00:00,,,,
9c95b3a2-1d95-5d96-b6e6-21a433b4d072,57673f38-ee99-5f03-9429-2327539cf1ae,complete_onboarding,email,2026-05-09 23:56:37+00:00,,,,
a635cf37-34b7-5111-af9e-66bd60e306d8,79ead828-5242-5d4a-b86b-1c84936bc42c,complete_onboarding,email,2026-04-23 21:41:53+00:00,,,,
0ef5929d-40bc-52b1-bf73-3619f030fb84,187d330e-0606-5044-9b24-7d7c27006190,send_win_back,email,2026-05-17 20:48:26+00:00,,,,
3bb02f91-86e1-5acf-9ff2-c67de6dce4a6,e0cb4bb1-8ee2-50fe-8b65-2347706c7d73,complete_onboarding,email,2026-04-16 02:19:43+00:00,,,,
b0cd8e9b-777c-5e84-93d4-9c3efeb78ef4,49ebe677-b022-5cd6-a54b-5c8266c4174c,complete_onboarding,in_app,2026-04-04 18:36:39+00:00,2026-04-06 03:36:39+00:00,,,
d50ff19d-8fc2-52fe-b093-96722a79322e,64306062-72b1-556d-8627-8e8e8c659fff,complete_onboarding,in_app,2026-03-08 17:34:03+00:00,2026-03-10 04:34:03+00:00,,,
1808f871-c7ef-5277-a476-8950f7f4c12f,af810b70-296d-5573-9de6-c47e53b77568,complete_onboarding,in_app,2026-04-25 08:42:50+00:00,,,,
705151ca-0692-5bfd-b2f4-1d7e36063779,afbb1620-5153-5084-b808-1888c91f750e,complete_onboarding,in_app,2026-03-12 19:44:47+00:00,,,,
d5361ab7-7180-5f83-84a4-a05a31bbb1bc,7f242e01-d290-5919-8240-643f0ea98e32,complete_onboarding,email,2026-05-02 23:46:45+00:00,2026-05-03 08:46:45+00:00,,,
e32bc415-ff7d-5e1a-bb7a-1b1b576e91eb,6c82bef1-5d44-55dd-a753-d935dbe731e5,complete_onboarding,push,2026-03-16 01:01:52+00:00,,,,
2dc6d120-95ad-505a-b390-16370bf68dae,e1c3cd52-4573-50c3-a215-7653a8c26a00,complete_onboarding,in_app,2026-03-15 12:56:09+00:00,,,,
a681e8ac-a8d1-5825-9b36-daa59378a37a,b7600072-beb8-5f1d-9804-b0aa1aa2f882,complete_onboarding,in_app,2026-04-15 03:25:08+00:00,2026-04-16 22:25:08+00:00,,,
b9b0daf5-87a5-5c97-b18f-922f339d0085,e445a3ee-10b6-5a89-abc8-bdf4cbab68bb,complete_onboarding,email,2026-03-12 13:55:10+00:00,,,,
1e91c48b-b5ec-52de-84f0-9cdfa2ef9df1,2ea6c924-b5ca-56a3-b8fd-3197974f236d,complete_onboarding,in_app,2026-04-03 10:23:21+00:00,,,,
334ba91a-7f93-55d8-b36a-01ca9f115f53,e2929bf1-8722-5822-983e-e72f1dfd0e9d,complete_onboarding,push,2026-05-13 03:29:14+00:00,,,,
f557cc58-df24-58f1-8bd3-b09c0428e2d3,2adf798f-2fe6-5bb9-8a21-c8cbee130037,complete_onboarding,push,2026-03-27 18:22:14+00:00,,,,
c96ee069-8e18-5a50-9451-5c94676ad290,b561aec8-be09-5eb7-b7c2-dc36a6f5aa8a,complete_onboarding,in_app,2026-03-16 02:57:02+00:00,,,,
c07d8817-bb42-59f5-8bd7-c4af3b0b5158,6d7a0589-9591-5877-b71d-7a445d7dd5d0,complete_onboarding,in_app,2026-04-11 01:51:52+00:00,2026-04-11 20:51:52+00:00,,,
91d7f89f-6853-5357-a5e9-f956b456edc2,be4d8c74-7f9c-5054-9280-cd1ebe5459dd,complete_onboarding,email,2026-04-21 17:42:10+00:00,,,,
f78686e5-91bf-5243-9de5-97c2477596ce,3d3f8b4e-f7d0-5e0b-8f69-c5427bfdecb4,send_win_back,push,2026-04-16 15:32:56+00:00,,,,
6569834e-9703-53ae-b0e2-d43c5d5913e7,26250291-9f60-54f5-a93a-a2e06100de3f,complete_onboarding,push,2026-05-11 22:30:42+00:00,,,,
e5bd549b-7973-5190-92b3-15e9004f516a,c17e319a-590e-56f6-94da-bc163c10d1f5,complete_onboarding,in_app,2026-03-26 18:21:16+00:00,,,,
99095fb5-6e1c-5f35-aba6-4e01b1f00918,63936d20-51db-539d-a2b3-1c748c291da5,complete_onboarding,in_app,2026-05-09 19:28:56+00:00,,,,
12198ea6-1431-544f-9ff8-835cd5397811,4116b197-304e-5fd6-bb35-78c78f19124b,complete_onboarding,in_app,2026-03-08 17:10:01+00:00,,,,
5b3f0f71-621a-5790-ac13-33ea3ac811ad,ce1122cb-ca8e-55b1-b43e-effc1211b225,send_win_back,push,2026-05-06 04:31:33+00:00,,,,
cf7a7521-139a-55ea-8da8-f1e4e755fe4e,fa6ddf01-31e7-5787-8d26-d5b7175b1967,complete_onboarding,email,2026-04-14 07:24:27+00:00,,,,
3051eadb-d914-57d9-854a-147fe7b7f0bd,4c32e36b-3c62-5965-87fc-4f54ba00cfca,complete_onboarding,in_app,2026-04-19 17:51:45+00:00,,,,
ce5a1409-3f0a-58a2-bd6c-e28a6fe389b6,92262713-3877-5d27-b04f-e75330ddd799,complete_onboarding,push,2026-05-04 00:21:13+00:00,,,,
482be855-2e11-5460-84e9-cdba6fb554cf,8275824f-c312-5fac-86f7-6f5b324551d0,complete_onboarding,in_app,2026-03-14 07:21:56+00:00,,,,
60691147-2fe2-5d2e-b0d9-b3c9d5329032,99703c6c-8d24-5382-921a-f4f19e0bd3e1,complete_onboarding,email,2026-04-25 21:49:19+00:00,,,,
7467af52-a8fd-540c-a3ea-7f2da88a3db8,5d49df23-c530-5f08-ac04-3e6e94a61dd4,complete_onboarding,push,2026-04-27 16:03:21+00:00,2026-04-29 14:03:21+00:00,,,
f7388ec1-e4ef-58cb-bf8e-51bd8fc3665e,f6b83935-19f0-5e40-a785-be928b73d546,complete_onboarding,push,2026-04-04 22:03:10+00:00,,,,
df36629f-2d65-5b31-9992-f356f33a8673,3cef351b-c04c-53ae-99cc-f796c64a1849,complete_onboarding,push,2026-05-12 16:04:47+00:00,,,,
7608f2d8-59d9-5aaa-9784-8c9dda522a81,793fddef-cfdd-5902-9cab-7e770f1289fc,complete_onboarding,in_app,2026-03-18 10:50:48+00:00,2026-03-19 05:50:48+00:00,,,
bc968053-d4d0-59c7-a1a0-4f74c9633531,d42b1e39-990d-5857-8903-253d997ddd37,send_win_back,push,2026-04-07 12:30:39+00:00,,,,
2862f38c-c0c4-56a1-8401-72a6cdd7c5c6,5e6ee177-7674-5c85-8634-a92a385f2668,complete_onboarding,in_app,2026-05-10 09:05:10+00:00,,,,
84f9f354-e984-56bd-a1d8-496f94d75973,5427b5c0-ecfe-5af2-b8ec-79d5c04d16dd,complete_onboarding,in_app,2026-04-26 22:40:00+00:00,,,,
88f11cfc-d49e-5b88-926e-65063fa42aac,bb6fd9a5-1fb3-5f35-a17a-90b56d0a7134,send_win_back,email,2026-04-24 19:31:26+00:00,2026-04-26 08:31:26+00:00,,,
e2bf87fa-1b5b-518d-8211-3cb111c71443,56ebdba0-99a6-58ad-a821-7b9a453967d9,complete_onboarding,in_app,2026-04-08 05:59:01+00:00,,,,
cefa14da-db4a-59b5-8509-f70e9499b290,b9cedcd4-41e6-54ea-9b73-d5d052977feb,complete_onboarding,in_app,2026-04-19 18:24:08+00:00,,,,
c97292d3-b32c-5ba6-bfce-5a15e63f473a,c263bb77-d8fa-51c3-a095-461d855086f7,complete_onboarding,email,2026-04-30 03:34:04+00:00,,,,
c3655bbe-616e-55e4-8c2a-c81283d35ec2,d65e162b-4162-51db-94f9-b77ebc5d3fbc,complete_onboarding,in_app,2026-05-04 10:35:52+00:00,,,,
71d119c8-8371-5ffe-bd6f-45bb96c7bf1b,769b3c63-2797-5235-9b50-3541d572bee0,complete_onboarding,push,2026-03-08 05:32:14+00:00,,,,
1bb7c7d7-b8b7-5f32-8ae9-1756ba8a505f,1a32c7d1-dc90-55a3-8f2b-edb488ea2437,complete_onboarding,email,2026-03-26 20:48:52+00:00,,,,
006e9d7e-cd7c-5cd8-89fe-df15223197cd,1e93aeae-05fa-5613-8e34-f715004a470e,complete_onboarding,in_app,2026-03-24 06:50:58+00:00,,,,
299307a2-11b8-5e3e-a881-c387293a458c,1dcae3ed-ca07-5212-8c8f-9bda6d2718c9,complete_onboarding,email,2026-04-30 23:31:43+00:00,2026-05-02 14:31:43+00:00,,,
5d179a85-d6b8-56ef-954b-1cfe8d5c0ef3,e04a6c77-6dc1-5681-bf05-347c37fda9c2,send_win_back,email,2026-04-26 22:44:26+00:00,,,,
3bda4d3b-71e7-5968-92af-e2a715b0e361,dcdf9d7b-b24d-513c-94ad-5bb9cd46608c,complete_onboarding,in_app,2026-03-23 01:15:10+00:00,,,,
43d2f542-0295-5d79-9af8-52251e7d1b0e,9e47e865-5e17-53cb-a607-da7e2ff919d9,complete_onboarding,in_app,2026-03-30 01:30:29+00:00,,,,
5c542c0a-ee10-5098-b620-ab172374f5f1,b5b42e1d-1b50-5a8a-9cb4-17f34f00716c,complete_onboarding,in_app,2026-04-12 14:57:14+00:00,,,,
aa5a4cbe-707f-5b08-97c0-1f3438a3fe05,2bf08bed-f344-50b5-8118-15e89be75596,send_win_back,in_app,2026-05-17 19:05:00+00:00,2026-05-18 17:05:00+00:00,2026-05-18 17:16:00+00:00,,
3ae821fb-feb9-5964-98cb-2b361357a522,c18582e5-b37b-565b-aaa4-b093d6a74c1f,send_win_back,push,2026-05-06 19:33:42+00:00,,,,
03add0d2-25f1-56b3-aa91-4c2d5d21e39e,7f1d30fb-7e7b-5c9c-a9c0-17796ce36a2c,complete_onboarding,push,2026-05-10 09:25:06+00:00,2026-05-11 00:25:06+00:00,,,
bdd437ae-633b-58c3-80fe-bfc5767eaa9c,2b30a43e-298b-50d1-b3f3-74cd4c7fd8ff,complete_onboarding,push,2026-05-05 20:58:31+00:00,,,,
7fd31c01-c094-5cfa-ab77-0e835e417103,1e95bb1f-673a-5679-8b9d-6acb03a3d9ee,complete_onboarding,in_app,2026-04-17 14:44:42+00:00,,,,
6bbe38d1-a6c8-5de2-9e76-cfa19df85adc,daefad1a-9663-55ee-a4d7-dae057eb70e1,complete_onboarding,email,2026-03-27 00:00:03+00:00,,,,
da508adc-c737-5589-bee8-c026ae6a1518,9b49f25b-bfc8-531d-b9b2-8cc121d12df7,complete_onboarding,email,2026-04-04 11:13:05+00:00,2026-04-05 04:13:05+00:00,,,
ed2f07d2-f077-5ee8-93bf-5052ee87af1c,580a4b7d-14e7-53d9-8519-cef3c6f74151,send_win_back,email,2026-04-03 04:53:19+00:00,,,,
e35ea46d-14bc-571f-9654-b107ac9c3e81,17d8c4e9-477c-5b5c-8762-e978ab67bba4,complete_onboarding,in_app,2026-04-01 19:38:54+00:00,,,,
5961cdcb-18a0-565e-8896-ba6892ad4316,8c78cae6-0cde-5e5a-89ba-35612c189e09,complete_onboarding,in_app,2026-04-05 09:15:37+00:00,,,,
86b18069-d63b-502e-bde7-bb3157b8a1e1,f77f443d-ba75-5f7c-a206-43104816ac02,complete_onboarding,push,2026-03-14 20:20:04+00:00,,,,
65d61f13-ad84-5a84-ad29-b8a30cb4e8cb,12ee4053-4ed9-53ff-bab6-44632f4020ff,complete_onboarding,in_app,2026-04-20 23:35:51+00:00,,,,
fbb3354d-eebd-5527-9c41-983a0ef4009e,aaf36575-7ab9-56cc-9202-e8a68247833d,complete_onboarding,in_app,2026-05-12 10:05:23+00:00,2026-05-14 03:05:23+00:00,,,
9f1901f6-bd2c-58fc-9040-0f3e453a1a14,f30b3920-1ab2-55e2-9fb4-57cc66b707cc,complete_onboarding,in_app,2026-05-05 20:33:51+00:00,,,,
89fce929-02fe-5dea-9955-1571069fa5bc,2f0f0e13-b066-5685-b575-6798d3cca9c0,complete_onboarding,in_app,2026-03-25 21:52:13+00:00,2026-03-26 18:52:13+00:00,2026-03-26 19:30:13+00:00,2026-03-26 21:30:13+00:00,
5a31cb6b-4ed2-53af-921f-68dbd65ef49c,5bbad057-9668-5e51-9c61-48c7dad55e02,complete_onboarding,email,2026-04-07 07:39:10+00:00,2026-04-08 19:39:10+00:00,,,
910ce9d2-0f5f-525e-98e5-b1517b473257,ba86be0c-addf-56e9-8229-50edb61871bc,complete_onboarding,push,2026-04-12 15:21:47+00:00,2026-04-14 09:21:47+00:00,,,
7e49e636-2ef7-53aa-aabc-eb07f66906e2,bd51f982-a047-5782-ac12-f42f335bf814,complete_onboarding,in_app,2026-03-24 02:25:19+00:00,,,,
2979b1fe-971c-519a-8a50-6d4a99709b05,166786b5-7e37-5d1d-9883-2f2d81c71c8a,complete_onboarding,in_app,2026-05-14 15:01:34+00:00,,,,
5713bcb0-a6a6-593f-8b44-a8a996646da8,7f46485e-0633-5027-a1dc-c53bc5c9e2e7,complete_onboarding,email,2026-04-27 11:23:57+00:00,,,,
fe17de87-3b9e-59d2-92e9-914599b3d8f3,922d88f8-d83a-581b-8643-1744ad8f5df6,complete_onboarding,push,2026-05-04 00:27:28+00:00,,,,
b4154923-9d0c-5889-bf70-3f39887ce1f4,830e1072-3905-555e-816a-fd216fb6d2c2,send_win_back,push,2026-05-21 08:14:15+00:00,,,,
611c5ef2-a786-580b-8dba-3c263ed3a9a7,1a492e7d-dbac-5cdb-a922-b8a5aead727a,complete_onboarding,push,2026-05-12 04:20:28+00:00,,,,
7347225b-4ab3-57f3-8513-62a3c77d20e6,1885c5ad-4a4f-5197-8aed-dc3d6426123f,complete_onboarding,in_app,2026-03-14 06:20:24+00:00,2026-03-15 01:20:24+00:00,,,
6fb9bad8-e59b-5868-918e-e4dff351a17d,655d7922-3f9c-52cb-bf01-19e700c4f6bb,complete_onboarding,push,2026-05-06 19:58:58+00:00,2026-05-08 03:58:58+00:00,2026-05-08 04:38:58+00:00,,
7054aaac-b644-59c1-b04d-3fb244734e1f,ada27414-a316-5af4-89ce-39570d25e593,complete_onboarding,in_app,2026-03-11 14:13:16+00:00,,,,
d4091f28-c962-544e-9448-88e7b7612226,019b9452-7e87-5370-bb76-e2669dfe9116,complete_onboarding,in_app,2026-04-08 19:17:48+00:00,2026-04-10 05:17:48+00:00,,,
941243f8-1cbb-5444-b81e-3be15ea6c164,b3d616ed-92d4-5db8-bb64-60fd26428486,complete_onboarding,in_app,2026-03-31 16:37:03+00:00,,,,
7559a13d-031e-521a-a1bb-ed2779e612c5,9f108841-5bee-5830-a1a1-d57788ce713d,complete_onboarding,in_app,2026-03-17 02:03:45+00:00,,,,
74fa8d84-7890-5dac-b45c-6fe17dfecdc8,78606699-cce7-51fb-9e53-95dd2c22bbd0,complete_onboarding,push,2026-03-20 06:27:02+00:00,2026-03-21 21:27:02+00:00,2026-03-21 22:19:02+00:00,,
6c6e7700-8646-566f-860f-719c2921e459,384a8a02-4bcb-5e2b-b0c3-4691a2419e74,complete_onboarding,in_app,2026-03-28 09:54:50+00:00,2026-03-28 17:54:50+00:00,,,
ebf382b8-22a5-5a9c-b467-8a9cf09c9722,43ef9b1c-6b1f-59dd-a93b-d681a10bdf28,complete_onboarding,email,2026-05-09 17:05:13+00:00,2026-05-10 10:05:13+00:00,,,
eaf53eae-6d5e-55ca-8ec4-95f9fb440ae2,6f2805e7-2e67-5ef3-8006-ffcb159ce9e4,complete_onboarding,in_app,2026-05-09 03:40:54+00:00,,,,
441ffb45-1d86-5e9c-8990-1b6f9e3d5684,35d323eb-d7bc-5b94-bb7f-c62836b88c7f,complete_onboarding,email,2026-04-17 07:12:52+00:00,,,,
f6f40d7e-733a-5ea1-a36d-d52ce5f0eeb7,09b3f4f1-ff28-5890-b873-23c26048dc89,complete_onboarding,email,2026-03-18 10:07:12+00:00,,,,
49e1fa18-0c36-587e-9580-9ef72a58550b,6027e8e7-d5f6-594f-9a2b-25a3c775779b,complete_onboarding,email,2026-03-17 18:06:19+00:00,,,,
2c520de6-9f1a-59f1-b186-5d3cf9a632a3,2678c330-2f15-5a86-9478-1b2a94f57690,complete_onboarding,push,2026-03-26 15:29:46+00:00,2026-03-27 22:29:46+00:00,,,
05d25f26-1289-5707-a5ce-4aac1950058a,4d784f2b-3075-58ee-baf6-093aca609450,complete_onboarding,in_app,2026-04-15 20:12:00+00:00,,,,
d4f7f57f-7183-5d68-b06f-2d786d1ea78f,7f682bf2-97c0-5c95-b9f0-e9d1ab0d6d2e,complete_onboarding,in_app,2026-03-17 14:23:00+00:00,,,,
7138208f-97d2-5672-8817-17b1377ccdbc,e804ca80-0fac-5358-9150-b1255be4eb0b,send_win_back,in_app,2026-04-26 10:34:09+00:00,,,,
0b415fee-2157-5464-86f2-d43ab5fd1c10,c1407296-34a3-585f-ab84-087013e7ec95,complete_onboarding,push,2026-03-14 23:15:04+00:00,,,,
b8e178bc-eb99-543c-8990-9ae6e4c928e0,477d2212-461d-5558-b7fc-7bc29da90a60,complete_onboarding,in_app,2026-03-20 10:37:28+00:00,2026-03-21 18:37:28+00:00,,,
0e5f306d-b9a0-5f2f-89ee-f96b3c4790b5,a455fb8b-178b-5cda-8153-04de46662b89,complete_onboarding,in_app,2026-03-19 01:12:21+00:00,,,,
d348983a-b8d7-5527-b306-7955b780c0a3,305ae161-164b-53ec-b1bc-ccd3da2ff97c,send_win_back,email,2026-04-24 14:51:13+00:00,,,,
188c52be-a02d-5a94-8353-2de42807c4f3,54ab6f93-e1c5-5d14-b0be-819457301cd7,complete_onboarding,push,2026-04-22 23:15:46+00:00,,,,
997ae623-6692-5b0a-8be5-c2a8b13191e2,3f01506a-e895-5820-8f29-7ad42e984267,send_win_back,push,2026-05-20 09:56:07+00:00,,,,
eb1773df-a99a-5ab7-8b6d-f377e00969cb,2c545255-c412-5e0e-bf88-f539345866c7,send_win_back,push,2026-04-22 03:51:06+00:00,,,,
004e75f4-83f0-5a41-81bc-3f632980ccbf,7fcf9075-905a-5cea-8be9-fc0157904072,send_win_back,in_app,2026-05-22 03:31:42+00:00,,,,
d36e4d73-8140-5307-b34f-4b8edde3a413,d608ccc0-eb04-551b-abae-7f537e033d87,complete_onboarding,email,2026-03-28 22:35:34+00:00,,,,
9a4aa0a1-53a2-501f-8f9c-c2b6d8129852,c679619a-e2b6-55da-968a-f550f7a967ec,complete_onboarding,push,2026-04-10 19:29:42+00:00,,,,
62043592-f508-562f-aa98-43b8d26e1a29,f640907c-ccf6-51e5-bbda-14037d392cb4,send_win_back,in_app,2026-05-19 16:37:48+00:00,2026-05-20 09:37:48+00:00,,,
4dbea7d5-d572-5fa5-9da9-429e279e4e92,346c0292-fa58-5fc1-94d4-1f05c295ec66,send_win_back,push,2026-03-28 23:59:39+00:00,,,,
6851ca11-4b7d-5ac9-acf6-3673fd03313d,b685dcf0-e67c-57ad-bc7d-325c386b8cd1,send_win_back,push,2026-04-07 12:33:39+00:00,2026-04-09 00:33:39+00:00,2026-04-09 00:36:39+00:00,,
fa8312ec-c9b6-5945-9c39-103a68228bbe,cab781c6-219a-501c-bf52-865c45331c1e,complete_onboarding,email,2026-05-07 08:22:36+00:00,,,,
e6a687c1-04f9-5c0e-bde7-d48419ef9d27,affa2035-f064-58d7-a531-6980c95ae758,complete_onboarding,in_app,2026-03-24 04:59:07+00:00,,,,
ebe58d95-3a7f-55b7-bc89-aa985193d6ea,82b5a97e-2aaf-5aea-9318-89fc14b56517,complete_onboarding,email,2026-04-20 08:05:22+00:00,,,,
b8ce08d0-7db4-59fa-9212-b8b3e5f91d2b,d4639b38-4bec-5ac9-bf25-792150178612,complete_onboarding,push,2026-04-15 09:57:39+00:00,,,,
08445098-2267-55f1-8cec-3a0d512b6284,f7e504da-cc80-50c4-a186-fe6c15bb3ebb,complete_onboarding,push,2026-04-04 17:19:49+00:00,,,,
041fe091-4ebf-5bf3-bab8-7a677cc49c53,2375ceec-c741-5ec8-99ab-4836457dddd9,complete_onboarding,in_app,2026-03-10 09:33:52+00:00,,,,
dd09d41a-1ce6-52df-ad99-da4c82e3c110,44de856c-0e58-5780-a64f-88b90a810ab7,complete_onboarding,in_app,2026-03-07 11:43:02+00:00,,,,
fadf9328-42ee-5c1e-af4e-6c41ee496781,9436c9a2-d9fd-5c59-96e0-83774427bc6b,send_win_back,email,2026-04-20 18:42:17+00:00,,,,
fd84baa8-27d6-53f6-bafb-ed897cbed774,9fe9ab46-04e4-568f-bc35-f36d7fdfe3f1,complete_onboarding,in_app,2026-04-12 03:20:04+00:00,,,,
2f70644e-b96e-52bd-9e82-0e277bf63984,d0c9110b-7dfc-5c11-91a3-aa349f3a3828,complete_onboarding,in_app,2026-03-14 00:22:06+00:00,,,,
449f1a83-ce85-5cba-9ac6-9e9f15928b14,210fc6a1-8fcc-581a-af11-fdc4187ccb63,complete_onboarding,in_app,2026-03-13 10:32:21+00:00,,,,
40423987-1cfa-5502-b9c7-f41284cd31de,8b232724-a37d-5328-ac54-a79164dfb041,complete_onboarding,in_app,2026-03-14 08:45:52+00:00,,,,
df05ec67-778c-5c52-a05e-7c5d1028ad89,3d96a7c4-75d1-594c-999d-310c68a4d17b,complete_onboarding,in_app,2026-03-10 14:02:54+00:00,,,,
e492fb31-afc6-58ff-bd5c-a837f6bdf284,25ba56ed-6a96-5588-8faa-285eb2145c27,complete_onboarding,in_app,2026-05-09 19:32:16+00:00,,,,
24c59267-56bc-5499-be3f-2a3c066f9ea3,5038bbb4-335e-5486-b73e-146a15157a5f,send_win_back,push,2026-05-22 18:17:19+00:00,,,,
1085df86-85b9-5a95-b4ae-e288cc95f6ac,cd55ba26-ee05-53e2-a50d-6c26f5f5ec40,send_win_back,push,2026-05-23 04:57:35+00:00,,,,
0696b2a7-bb1f-502c-8ad9-0e99abf54a7c,eb4f064a-b4a5-561c-a5c2-844b8b1cf5e8,complete_onboarding,in_app,2026-05-01 05:57:11+00:00,,,,
119c93e3-fdf7-5ce9-9ba0-a964c153d973,56acd5fd-8de2-531b-98d9-77557349de77,send_win_back,email,2026-05-27 06:47:35+00:00,2026-05-27 07:47:35+00:00,,,
47811ba1-d665-5ac8-8529-215943b5cc6c,4f6a1414-417e-52cd-a6fb-3efc9ebe837d,complete_onboarding,email,2026-05-13 14:10:07+00:00,,,,
7e625398-fb0b-5114-b0af-a4528ad0fb13,342976a4-e1e4-5772-b146-2bd8168869dc,send_win_back,email,2026-05-20 08:09:16+00:00,,,,
c80cddb8-1386-51b2-aecb-f18a26279a46,a594967a-6edc-5bed-90f3-2eb56b1992eb,complete_onboarding,push,2026-04-29 18:48:52+00:00,,,,
e471a5d2-c4a2-5a11-b8ee-357d974e3fa6,5d9bd845-5b34-5405-9fcf-05a13ccb86e7,complete_onboarding,push,2026-04-20 07:57:07+00:00,,,,
41882d00-311d-5b1c-8135-a6eb131b20b9,401ff947-4884-5396-974e-bcd97d654683,complete_onboarding,email,2026-04-18 12:33:58+00:00,2026-04-19 12:33:58+00:00,,,
0584b3c8-80e7-5e0a-8504-8118b06e3211,7e14023a-3bee-5a1a-afb1-ad22bfe8d193,complete_onboarding,in_app,2026-04-29 18:01:03+00:00,,,,
1ea52802-e80b-55bc-9129-31befa907fb2,9530e009-fd33-5024-aee1-672b54550837,send_win_back,in_app,2026-04-04 06:49:05+00:00,,,,
a6ba3a34-c2b6-5a4f-b5d1-64bd7cfa9c79,61ea66a4-6ae7-5af0-9584-2e520a61634d,send_win_back,push,2026-05-21 23:56:47+00:00,2026-05-23 15:56:47+00:00,,,
6d637805-469b-59f9-81fd-7e9838bca3b2,d81afe8c-d52c-5640-a0ba-cdf00df3c7cb,complete_onboarding,in_app,2026-04-12 23:43:42+00:00,2026-04-13 19:43:42+00:00,,,
2b019435-33f7-59b6-9167-24fddebe58f9,6e679fd6-31be-55cc-a44f-cf1dd1d428c0,complete_onboarding,in_app,2026-03-29 07:01:33+00:00,2026-03-29 19:01:33+00:00,2026-03-29 19:17:33+00:00,,
60d15e46-8d88-577a-adfe-9d801a5c7cae,aa6815dc-7186-51a7-afde-53acaae92470,complete_onboarding,push,2026-05-05 04:08:21+00:00,,,,
4029e482-529f-5e33-8097-dc10e6823462,a7d27908-b69e-5817-af71-f2d511021ee7,complete_onboarding,email,2026-05-03 12:36:16+00:00,,,,
c43e5ac0-c95b-5b3d-9486-4bd05e36d92a,f324f653-882c-5cc1-8485-8594b0f38978,complete_onboarding,in_app,2026-04-07 22:23:43+00:00,,,,
cd7b06c0-8006-5a9c-9703-d04f935e5705,dee45e85-506d-5b9c-9bad-4cf8207ddca9,complete_onboarding,in_app,2026-04-02 13:42:28+00:00,,,,
eb0a7225-bb6c-55ad-9fdf-ecd5ece688ef,9b93203c-352a-5315-8065-ef219247702b,complete_onboarding,email,2026-04-23 08:17:23+00:00,2026-04-24 11:17:23+00:00,2026-04-24 11:26:23+00:00,,
acf634d6-4c54-5444-9f88-cd3abadd799f,7427df4f-af33-58a0-b608-ef1798477485,complete_onboarding,in_app,2026-04-20 03:06:59+00:00,2026-04-21 06:06:59+00:00,2026-04-21 07:03:59+00:00,,
5eebeda2-6275-53dd-b67e-c078d3ed05fc,a45b1dea-4cfc-505d-b980-e07d3a148163,complete_onboarding,in_app,2026-03-11 05:14:10+00:00,,,,
373a37c8-9a81-5e70-919a-8e64a80c44ff,072cdcb2-4e90-569e-a715-f8ae2dc5e98c,complete_onboarding,push,2026-03-16 15:27:22+00:00,2026-03-17 17:27:22+00:00,2026-03-17 18:15:22+00:00,,
098ca849-b13c-5ffe-b219-a2f018e9823d,688f3ba9-b2f6-5186-a37a-47066c01c8a0,complete_onboarding,push,2026-04-05 22:04:19+00:00,,,,
5b653203-2341-5cc7-b9b3-ddeeb3c2913e,76712b5c-941e-5f89-993f-b1b580ec2e60,send_win_back,push,2026-04-23 18:22:06+00:00,,,,
fdc560b7-af57-5757-b5f1-69da84a8efff,359e0d1e-9c70-5c10-8a60-fc0f430cf525,complete_onboarding,push,2026-04-17 16:31:03+00:00,,,,
2735bdd0-a5e1-54de-aad5-17183f9deb91,57e68b6a-9e7f-5737-8673-47f201216f62,complete_onboarding,email,2026-03-23 01:08:07+00:00,,,,
381da5f0-cb56-5900-b5fc-72c6b3b8e88e,2cc678f4-b285-5a40-883a-0e4c647014df,complete_onboarding,in_app,2026-03-30 08:07:12+00:00,,,,
eae7614c-ed6b-5b91-85bd-482d8e21fbb6,3f8a7c3e-6330-5f6a-85cd-a5ae01899e80,complete_onboarding,in_app,2026-04-10 20:22:08+00:00,,,,
b0a982a9-0987-5bcf-a75e-6c1cd9d85260,34a7d969-e31c-5ba0-b5ab-05a90b03a684,complete_onboarding,in_app,2026-04-26 20:22:48+00:00,,,,
ed2a49d6-e1ac-5f0b-8d56-9ccd70fdd3e4,f4939650-5ab2-5bc9-9d7a-9d10a072d33e,complete_onboarding,email,2026-03-29 14:19:56+00:00,2026-03-31 04:19:56+00:00,,,
6e2610e0-ab90-5fc1-80dc-88627b64755c,fa00d6a5-ee89-5762-be39-53361e83b7f3,complete_onboarding,push,2026-03-19 14:54:29+00:00,,,,
e3c7e519-6ff5-544b-921f-d82e8c05b386,63d750a7-5935-5148-85e8-6cab411cf94e,complete_onboarding,push,2026-04-23 07:35:26+00:00,2026-04-25 02:35:26+00:00,,,
94537e4c-182d-5034-a5bc-bcbb9f263d15,8fecad41-c670-5f87-8af5-9445ed0153fa,complete_onboarding,push,2026-03-27 11:37:37+00:00,2026-03-28 06:37:37+00:00,,,
2deda397-bfb5-515f-82cb-3cdd11f65cfe,1089efa6-df10-518d-95a6-c6a61d89b876,complete_onboarding,in_app,2026-04-22 06:54:57+00:00,2026-04-23 03:54:57+00:00,,,
bb1c6585-ee8c-564d-b5e7-ab5de5c9a8c0,2acba02d-c5d4-5aaf-b409-f9a2dfe54fff,complete_onboarding,in_app,2026-05-09 05:28:19+00:00,2026-05-10 22:28:19+00:00,,,
adaee7d2-cc93-50a1-9c98-f495bdeb8993,0a0fb720-1b4a-5546-9af8-4723f47246f7,complete_onboarding,in_app,2026-05-04 22:32:21+00:00,,,,
c03331eb-b7cd-5ef5-ba0f-bb9ace3b77cd,507f2c39-904f-5aef-8349-f6578c71c981,complete_onboarding,email,2026-04-09 04:23:14+00:00,,,,
48a2ed9a-1fb4-5ab4-8b84-37abb8b3098e,106ff396-69bb-5969-9e00-2707f81c9c31,complete_onboarding,in_app,2026-04-29 03:36:00+00:00,,,,
31f0bd32-e096-5d2a-aab2-116ada45e44f,ec9fea15-54b7-5d6f-9d3f-8596cc3884b5,complete_onboarding,in_app,2026-05-12 06:34:34+00:00,,,,
552efe0a-bb7a-54e5-a554-544f13212578,a6841cab-247c-5146-8f66-ca2608b46b28,complete_onboarding,in_app,2026-05-04 13:12:57+00:00,,,,
41061759-c2e5-5798-a072-eeb9b6998f5d,dad9ec14-9609-544d-ade4-b4065e3f192d,complete_onboarding,in_app,2026-04-09 18:12:09+00:00,,,,
bf4d392f-a096-5bb4-aaed-321c4b34196c,d8083013-3b77-5468-8854-ce1bd60d7b3d,complete_onboarding,in_app,2026-04-21 00:41:03+00:00,2026-04-21 15:41:03+00:00,,,
101406f8-b8b3-561f-85e7-75bda5f8789e,087aca7c-2707-57fa-811b-6a55dac24e41,complete_onboarding,push,2026-03-20 23:06:07+00:00,,,,
9f72d328-9560-57d0-acb2-2df5fa7e2890,eef9c436-fb8e-55a4-b17f-5ba1389bdfa0,complete_onboarding,push,2026-04-14 03:49:50+00:00,,,,
4c5a86d4-0f0f-5880-99b6-1d612e5aec28,9bdb664e-c1f1-55cf-83c7-461297db2f50,complete_onboarding,email,2026-04-12 18:11:16+00:00,2026-04-13 02:11:16+00:00,2026-04-13 02:16:16+00:00,,
8f41af1c-4068-5755-83aa-7afe1b26ff74,2648e55f-f1b8-513f-a613-723b8458632c,complete_onboarding,email,2026-04-28 20:57:54+00:00,,,,
51da25cb-aacf-54de-b528-ba64b16f3be1,03297971-8c6c-5450-b938-cc30301fb727,complete_onboarding,push,2026-03-12 00:00:18+00:00,,,,
11ee46a5-4bc9-5487-adc8-aa83723cef26,4155fae6-7518-5c9f-8865-92aefe9fae76,complete_onboarding,in_app,2026-03-26 21:11:07+00:00,,,,
7cd0379a-f279-5a1e-a79a-f8a5629d4414,b2b491ab-e3d3-5699-82c4-7ac5939535a2,complete_onboarding,in_app,2026-04-26 16:58:58+00:00,,,,
b4e64128-8496-5738-9024-ba41584701aa,4d948f29-5f79-5b00-8713-4a73bbeecbd7,complete_onboarding,in_app,2026-03-09 10:12:12+00:00,,,,
f5ba6128-edbd-50c9-b0e5-bf79dc0b2f4d,c37d5312-6541-5d01-95af-50ca547d0683,complete_onboarding,in_app,2026-03-20 23:10:54+00:00,2026-03-22 17:10:54+00:00,,,
361587da-8bbf-50ed-a6e6-ce2ab1e19c78,e17ee79e-4dfd-5aa5-b549-f512ea85d718,complete_onboarding,in_app,2026-04-17 05:22:07+00:00,,,,
512cfdde-db7a-58f5-ac6e-2e2df6df23cd,44c37415-987a-5e95-b708-c8ae0eef8df6,complete_onboarding,push,2026-05-05 09:21:01+00:00,,,,
63676954-dba6-51c1-93ec-0ccc7ebe0cf8,c6c6709e-3617-5c7c-b281-e1de57b7153c,complete_onboarding,push,2026-05-09 09:45:52+00:00,2026-05-09 15:45:52+00:00,,,
e4d23080-3159-52be-ae54-0677760dbc1b,e7aaf371-f80d-5baa-b995-4e3f14b97aa0,complete_onboarding,push,2026-03-16 02:45:43+00:00,,,,
61582a4b-794a-5e8e-8ece-2d6ec5d25ecd,a90a17c5-2438-5ca5-a91b-4d0eadaa174b,complete_onboarding,push,2026-04-18 09:24:45+00:00,,,,
88b3205d-a655-5836-aeb4-a55def524859,25e12611-fb14-5828-b401-1c33bc9e86d3,complete_onboarding,in_app,2026-04-19 21:34:43+00:00,,,,
43d7beae-35c8-5be3-beb5-0337488bddf9,cecf7a7b-da11-52b1-81cb-7ac511d625a5,send_win_back,push,2026-05-07 21:49:10+00:00,,,,
938daffb-bac0-512b-9357-014c082a256b,2e85a50f-ab6f-5c9a-b144-05e87b7c2023,complete_onboarding,in_app,2026-04-26 01:47:05+00:00,,,,
726ae1cc-d3f9-556a-a13a-64df3ea4a97b,1f325487-fa3e-5892-876c-2a3b2176e2cf,complete_onboarding,email,2026-04-16 01:47:23+00:00,,,,
4ba51ee3-ea65-5d2f-b5d0-4da28a8b7b8e,022eff3c-358d-53ce-ad2b-21448c390611,complete_onboarding,in_app,2026-04-12 02:27:51+00:00,,,,
298c6d5d-950b-5ad1-a73a-82d57ec801f3,4da4c4cd-1798-55fa-b1e4-2c37098763a1,complete_onboarding,in_app,2026-05-12 05:39:28+00:00,2026-05-13 19:39:28+00:00,2026-05-13 20:19:28+00:00,,
643e6d9a-d999-5d72-8c73-e4f352b9da95,c309b369-18e8-5c35-885e-4fbc36f40211,send_win_back,push,2026-05-31 03:54:19+00:00,,,,
10aa368e-a899-5977-935c-0ef70159b978,672634dd-e99f-56bb-b319-ede47dd2be8d,complete_onboarding,in_app,2026-03-18 16:31:07+00:00,2026-03-19 08:31:07+00:00,,,
e12cfa24-1a4b-5854-a8a2-2fb83685e366,c6dd9aa8-e3d3-599c-8cac-fdfcf59e741f,complete_onboarding,in_app,2026-05-01 06:15:50+00:00,,,,
eaeeba4e-7e8d-56cf-bf32-3ce255493938,62651224-e9b6-57f3-ac97-b198a480f778,complete_onboarding,push,2026-04-04 01:31:23+00:00,,,,
6e63e9f1-5b77-5e7b-9ed8-001f8ed69bde,5d7f3548-f4d5-5c20-818f-35f113e5b243,send_win_back,push,2026-05-05 23:08:13+00:00,2026-05-07 20:08:13+00:00,2026-05-07 20:39:13+00:00,,
9c7f89c1-48a8-557e-97a9-c98eec61ee49,59151035-126a-5451-846e-394e654a755e,complete_onboarding,in_app,2026-05-14 18:28:06+00:00,,,,
ea28da54-0cff-529d-afa9-36cd4ef14eb3,15b87c60-666e-5f62-8b87-02dc314502a6,complete_onboarding,email,2026-04-30 20:42:35+00:00,2026-05-01 05:42:35+00:00,,,
9b8ae171-4d54-5073-852c-29edc6388a32,b71f38e1-7ce4-5aad-a4c6-3ebe987505dd,send_win_back,push,2026-05-30 06:37:13+00:00,,,,
f38cae11-a299-5c50-9e7e-46f1cd4f828c,994cd6b8-ea54-5053-953e-a83411ba19ac,complete_onboarding,push,2026-03-13 05:12:51+00:00,2026-03-14 16:12:51+00:00,,,
92d1730a-2337-51ed-ba72-b379b65094b2,bbcac93a-5f82-59c4-bb6a-182db935ea04,complete_onboarding,in_app,2026-03-24 11:36:09+00:00,,,,
15b546c0-954a-5e9c-ac61-a4a48e9de423,a77835c7-9dea-5568-a1a4-aee2be8892c5,complete_onboarding,in_app,2026-04-25 19:23:39+00:00,,,,
09f8b965-6d06-5d03-95f8-c1fd1f3059a5,56722269-af4f-5887-a5d0-7bf556ef9779,send_win_back,email,2026-03-29 11:02:30+00:00,,,,
038d1b53-e5f2-5ea4-8e7a-1280130ca5e7,d17ba6fb-3706-5893-8d5a-1bad81522a62,send_win_back,in_app,2026-04-01 13:24:04+00:00,,,,
0e34b555-c714-550e-8fb3-4410210804ee,d5451f20-6cad-5fdc-b759-f397c3e0c7e4,send_win_back,push,2026-04-30 22:01:34+00:00,,,,
810dc3fc-460c-500d-b605-264902ea3c5f,2a4efc27-2185-5956-9cd2-7e99cb2a436e,send_win_back,push,2026-05-07 12:22:12+00:00,2026-05-07 17:22:12+00:00,,,
23693799-c293-5425-9907-6490312ace96,652eacdf-0998-5cd0-9435-e44f55df94f6,complete_onboarding,push,2026-03-18 19:39:29+00:00,,,,
90697baa-4b50-5520-8a50-e63a009d8d9e,be45d57d-e542-5e17-90f8-6d0ce7a73f82,complete_onboarding,email,2026-03-15 22:11:13+00:00,,,,
69ce4895-1209-510c-a11f-5e7746859028,65e5c557-dd73-5ac8-96d2-b0d88afbdb85,complete_onboarding,email,2026-04-14 23:33:28+00:00,,,,
b7841577-3f06-5ead-9089-268554a0ac95,a5c38ccc-34b2-5a86-bd67-1e93b3319810,send_win_back,push,2026-04-27 20:08:15+00:00,,,,
e78a59f0-9652-5108-ad9f-965ecbff5ce7,e2716c3e-8555-5248-bd81-0fe9d94fcd77,complete_onboarding,in_app,2026-04-08 03:40:16+00:00,,,,
9439ebde-0614-5444-b4f2-1a54a4cf1f03,0233dc2d-bfb5-5c27-8e16-52a1e90772d2,complete_onboarding,email,2026-04-22 20:52:52+00:00,2026-04-23 14:52:52+00:00,,,
ce16d50c-69c2-51fa-a52a-2cd1c2315d12,7b6d64aa-8bd4-5a90-b85e-9f6dd5525527,complete_onboarding,in_app,2026-04-12 01:28:40+00:00,,,,
b8317c55-7b93-5210-8b7c-b73da1c53c5d,5ebee14d-2c7a-5e97-8a0c-d59297d87599,send_win_back,email,2026-05-15 05:09:05+00:00,,,,
a73b2702-253a-5a7f-9643-5db4a83faee8,14938ad0-8973-53dc-88b9-dd24b2fbdd0e,complete_onboarding,email,2026-04-28 17:03:24+00:00,2026-04-30 08:03:24+00:00,,,
0b3556cc-8c73-545e-a3f8-ba31f8b9c7f8,2c433ef6-0daf-596f-8447-dcd5f4b2d235,complete_onboarding,in_app,2026-05-09 11:42:52+00:00,2026-05-09 20:42:52+00:00,,,
041ce41e-b2f8-55a1-8c0d-2148163b27dd,306ae1a4-7c2f-5024-9518-cdd25baa4adb,send_win_back,email,2026-05-20 03:32:56+00:00,,,,
09b46f04-7d14-520a-80b5-fefded9120ed,110826fa-5e94-5320-8a1a-f25700472541,complete_onboarding,in_app,2026-04-11 17:19:16+00:00,,,,
5b237f42-e3dc-5b94-aa66-e7334820a4cf,33f0c47b-d0b7-5263-87d0-51467fd73d87,send_win_back,push,2026-04-28 23:00:19+00:00,2026-04-30 02:00:19+00:00,,,
670ea461-f368-5504-8bd6-0e65e3b84890,3348bef4-ae69-511c-bd78-88a0fc8aa5d7,send_win_back,email,2026-04-11 06:19:59+00:00,,,,
9538304c-f1f2-5bd6-86ca-66d9cea5a656,2ec56ac0-ea43-5e96-8eab-d80dcb77c508,complete_onboarding,email,2026-04-17 08:55:35+00:00,2026-04-19 00:55:35+00:00,,,
bce268e7-722c-547b-a1f7-a8099ffb8b68,55025f24-ef99-5862-b1d9-b0023a17919e,complete_onboarding,email,2026-03-16 14:24:28+00:00,2026-03-17 11:24:28+00:00,,,
60cbd5d8-0bcc-5eff-9697-61a790a27531,d29c3b57-6d1e-54cd-b841-b6c2d8fb894e,complete_onboarding,email,2026-05-10 06:07:36+00:00,,,,
885804a2-e46d-550c-be54-af482fd283d2,c572029c-7093-52d5-8af9-1f7e91565fcd,complete_onboarding,push,2026-03-15 06:16:42+00:00,,,,
e788d0fb-89b4-5481-b4e4-cb11ee3e824d,03e6bea2-ff34-532a-8528-87bc11f2bd27,complete_onboarding,email,2026-04-30 05:32:33+00:00,,,,
561e13ae-4b37-59a3-8de9-f93f1437cadd,771ed1c8-f664-590c-b7b3-8d0c5a50aab7,complete_onboarding,push,2026-04-25 18:20:55+00:00,,,,
67333f46-a3ba-5273-b9ff-c8d35e53c384,ac0b5256-e88b-528a-9c7a-532dba7288ae,complete_onboarding,push,2026-03-13 01:14:45+00:00,,,,
d484df40-5366-58bd-b5f2-8e8648fdfd5d,48d09f8c-815a-5dbe-9a72-18fb452555bb,send_win_back,push,2026-04-28 16:26:52+00:00,,,,
e3beea87-8f92-5026-ab3f-952fb52c8555,9457da1f-d054-56d6-9341-975d7e9d864d,complete_onboarding,email,2026-04-21 09:25:16+00:00,2026-04-21 20:25:16+00:00,,,
a6608622-405b-502e-b17c-def4f61a2217,74801d78-754d-5e53-bd17-a66ecbd44586,complete_onboarding,in_app,2026-04-26 06:54:37+00:00,,,,
ea07ff4d-7dcf-5987-9648-8aa17dfcf33c,2b728290-fd13-540f-81c7-21f216ca9b7b,complete_onboarding,email,2026-04-04 21:12:54+00:00,,,,
6868c309-e5f7-5c1d-b8a8-24e26e3f741e,e62940b4-fc35-50d5-9e3e-38be3bb00ad4,complete_onboarding,in_app,2026-05-09 14:12:29+00:00,,,,
d56744b3-84e4-54ff-87cd-cf9b032df3ae,93a2e9b0-f2a5-52a0-aa88-e92dd249f56c,complete_onboarding,push,2026-04-22 07:33:32+00:00,,,,
89f7f890-030b-5734-85e1-c00e4507f29f,566bc16b-26e4-562e-b8a6-cb15ae7c2735,complete_onboarding,in_app,2026-04-26 09:45:53+00:00,,,,
3412c8a7-93a9-5560-8169-eff4e7bb630c,c285e85b-0e6f-5e5a-958d-d3e344ec7adf,complete_onboarding,push,2026-05-07 23:41:41+00:00,,,,
f48a0cea-dc32-522e-b772-9524420d2a55,fa2b2c87-7bad-52ed-997d-f1806078f701,complete_onboarding,email,2026-05-02 09:08:27+00:00,,,,
74c9569e-f30b-5ce0-91c6-600be76d305f,f2d7019d-c0f7-5c25-8160-79be5ba657e6,complete_onboarding,in_app,2026-04-28 14:45:10+00:00,2026-04-29 11:45:10+00:00,,,
bfd6e198-704d-52f2-953b-ecc718b603ec,00f9f9ea-2b89-511f-aacb-bbe703b993e3,complete_onboarding,in_app,2026-03-25 16:00:20+00:00,,,,
573eb4fd-a477-5fa1-ae71-d805e05d4d3f,c1be3823-da00-5501-8cf6-e4bf88392987,complete_onboarding,push,2026-04-01 03:06:06+00:00,,,,
2f29ff2d-8a86-5b64-888b-db75dcda2e23,461ebdb3-ac75-5e73-a0bc-6a65eca222c0,complete_onboarding,in_app,2026-04-12 17:19:03+00:00,,,,
b4a5f3bd-9f79-554b-963c-8bcf3f3141f3,9e056ece-3901-532a-afcb-8504fe13191b,complete_onboarding,in_app,2026-03-28 16:42:44+00:00,,,,
c73bc073-cbc4-581c-95f2-30f13a955b99,2a723cee-65aa-5417-be40-ec71549217c3,complete_onboarding,in_app,2026-03-28 14:21:21+00:00,,,,
3c4da57d-6c0d-5abc-9c70-1351facd7b26,c0aec95b-d40b-5e74-bbe1-b31c953d1302,send_win_back,email,2026-04-05 21:00:16+00:00,,,,
361e5e31-b72b-5874-8bc9-b52bace6c013,ca4bb7f8-4e0e-500f-81c2-117b3687ec6e,complete_onboarding,in_app,2026-05-12 07:54:31+00:00,,,,
e7118cb2-fa06-5fa1-a5e4-6e787c8bc78f,62a22c21-ffc8-59c2-8d41-bb712bebde25,complete_onboarding,push,2026-03-17 04:43:44+00:00,,,,
f4a89320-abb4-5ef2-b259-3a5d49ed97ae,6fb3f40b-f648-5dbd-8e1a-a39df5609dbb,complete_onboarding,push,2026-03-12 22:50:39+00:00,,,,
0bcba94b-22e4-5c44-b240-8fe91be6de2a,24084e05-8688-5586-a734-9281d700a39a,complete_onboarding,push,2026-05-10 14:13:36+00:00,,,,
54f75af1-1080-5118-b8fc-5c205c4d1d50,b82064bd-bb8f-5782-96d5-3766e6d2f8fc,complete_onboarding,in_app,2026-04-14 07:06:05+00:00,,,,
cb5c135f-9c6b-5d4e-a1e3-8cefbe550ed4,5d0c2c4b-c456-5afe-86ac-3f50cb8321c8,complete_onboarding,in_app,2026-04-06 05:10:07+00:00,,,,
703530b5-4caf-5eeb-a1dc-2548fb313ac1,d6a167c3-01de-53dc-ad64-a8fd2689de64,complete_onboarding,push,2026-04-26 21:17:07+00:00,,,,
319f0dd7-cd98-5427-ab01-5079bfbc3061,4f83fe96-a31a-5c7e-8bd6-5de55a20e461,complete_onboarding,push,2026-04-02 10:46:38+00:00,,,,
73ca4ce5-62ac-585c-9400-2267a2dfb0a1,37b57de0-2f69-536b-87d4-5194018a0c01,send_win_back,email,2026-04-03 19:50:16+00:00,,,,
4832c44c-9967-53ee-9ba8-6a1c23483cab,3dc127ab-9568-5f57-8701-d93707613d44,complete_onboarding,in_app,2026-04-26 08:21:33+00:00,,,,
be070516-e53d-5c4b-bd17-e9a9e43df810,cdc7be9f-1794-582f-9ec1-737e255f35fe,complete_onboarding,in_app,2026-03-19 03:27:17+00:00,,,,
0aba13bc-558f-5e0e-b67c-26d34c6e45fb,daa9c4fa-d3a7-547a-8755-30689c1153d2,complete_onboarding,in_app,2026-04-14 03:45:22+00:00,2026-04-15 18:45:22+00:00,2026-04-15 19:24:22+00:00,,
704f78d6-12f1-5fa5-8452-f74b0a960a31,f9bad985-73ee-5caa-bca7-702091a6d45f,complete_onboarding,email,2026-05-11 11:39:11+00:00,,,,
93b43c5a-d841-56db-8eaf-d69498f9e4cb,7b425cba-18e7-5ecc-afc6-9370e8d17b60,complete_onboarding,email,2026-03-31 21:27:22+00:00,,,,
5910881a-a952-54ce-a9b2-730dc092f402,895c12a2-2850-51bf-bf7c-02e50b01ae91,complete_onboarding,in_app,2026-04-29 20:10:44+00:00,,,,
d00eef18-e4ff-51cb-94d4-83ca7c1d9c0d,abd301c8-04fc-50d4-a088-4e819b97bb7f,complete_onboarding,email,2026-04-01 23:15:03+00:00,,,,
a0ac54be-768a-50d1-be04-d542f699c78b,c0674fe3-c9c9-5b6e-ba02-55c86344a171,complete_onboarding,email,2026-05-14 01:51:41+00:00,,,,
e900ebf8-4da3-5eec-a33e-2e10a4219b7f,48548bc2-aa80-5acc-be6d-23bd50f70194,complete_onboarding,email,2026-04-25 12:36:38+00:00,2026-04-26 05:36:38+00:00,,,
b8f268d7-a508-5222-8db8-638e83fad7fc,b2a3e847-3237-58a6-ac9e-daa0137d8f15,complete_onboarding,in_app,2026-05-04 09:32:00+00:00,,,,
68743faf-8632-59e8-9b89-2a202dba4188,d660911f-eb27-55ff-b337-e22ec4a16251,complete_onboarding,push,2026-05-11 15:10:41+00:00,2026-05-12 17:10:41+00:00,,,
494550c2-0458-54f5-9f92-a06c9f237e52,7b849320-d311-51bd-b811-bea3a1495070,complete_onboarding,email,2026-03-25 16:43:16+00:00,,,,
6befc6f1-892a-5971-a805-aa61296155f0,04583cc8-46a6-5305-b7e3-7d4eb59740a6,send_win_back,in_app,2026-05-25 13:51:35+00:00,,,,
cf3c19a6-5cf7-5bc1-8842-4fc6b5b7e49a,5b454fc9-42b4-57b5-9d5f-6aee05494d8b,complete_onboarding,push,2026-04-19 22:59:38+00:00,,,,
28b04af3-aada-51a6-ae11-3a03d638f430,72b41482-7d1e-5673-8955-6e9bf1df37c5,complete_onboarding,in_app,2026-03-15 11:15:28+00:00,2026-03-16 02:15:28+00:00,2026-03-16 02:53:28+00:00,,
41312c33-d31c-5a7d-9ae3-b6d68f5fda84,ea91fb3e-2cf6-5f84-9867-4aca3a558004,send_reengagement_message,in_app,2026-04-12 23:51:09+00:00,,,,
7ae0fbc6-4229-54fc-9e15-a785f4fd54fe,1a2703ad-4265-5c51-9ca6-6ca411312b22,send_win_back,email,2026-03-28 05:37:07+00:00,,,,
d5ef1424-5872-5422-8fe3-1da29f98df66,f9ba0e8d-dcdb-54d2-b14d-4fed0c5ad7f9,complete_onboarding,in_app,2026-04-23 08:10:31+00:00,,,,
e83608a2-90c0-587c-a511-a10623c2d30f,6c7ae71f-0d36-5caa-b5b7-9e3670e72050,send_win_back,push,2026-05-02 13:42:29+00:00,,,,
2ee88931-7fb2-5812-87a2-69be638aeea4,04426623-e3a3-5693-b992-79a220e49dd4,complete_onboarding,push,2026-03-13 14:26:30+00:00,,,,
be9446ba-62f1-5640-ab1c-852a0bb8b930,42253679-d6b1-517b-aca2-1783ca3194c6,complete_onboarding,in_app,2026-04-07 08:21:00+00:00,2026-04-08 10:21:00+00:00,2026-04-08 10:45:00+00:00,,
911eb866-48a0-568d-a8a3-85465cc21354,10f6e09d-38e6-54fe-adcf-eb1c91d7c73b,complete_onboarding,in_app,2026-04-25 20:36:04+00:00,,,,
c1c1777b-23d6-51c6-956a-b8f346bb30ce,27c02a7b-f58b-5f33-afb5-5daaf62beebb,complete_onboarding,in_app,2026-04-05 18:14:06+00:00,,,,
46a63fb5-2688-5ad0-b0ec-f00e4f825fdb,0d78f7b8-8253-534b-b964-7dc0f1257fe9,send_win_back,push,2026-04-26 15:21:19+00:00,,,,
9c77b159-1abc-5b75-9e84-ecd6480750b9,d731eefd-b05d-5da4-9836-75e852273936,complete_onboarding,email,2026-03-28 18:17:06+00:00,2026-03-30 16:17:06+00:00,,,
da2232b0-cd49-5848-b954-49ce3041bea5,853323fb-8568-56d0-8fe0-3d02c693c02b,complete_onboarding,in_app,2026-04-06 12:28:18+00:00,,,,
7c81f476-ab23-5531-aa00-9bd84a937c33,c04d6530-f07d-51cb-9cc6-5db165836e80,complete_onboarding,email,2026-03-07 20:01:24+00:00,,,,
fcfe9947-dfcc-5ae1-b81c-a4c1bedfc46d,3b69e09f-ea36-553d-bd37-aa11de9670bf,send_win_back,push,2026-04-15 19:59:29+00:00,,,,
8c42e9b9-57ea-5ca7-b17f-3209c0587159,186a3352-6418-5e76-be5f-a9b6de6ff4a6,complete_onboarding,push,2026-04-11 13:45:28+00:00,2026-04-12 00:45:28+00:00,,,
8ec33184-6918-5a01-8291-2f51ee056460,b233394a-e2b1-5143-9ff2-3c5d5626a409,send_win_back,email,2026-05-28 08:56:22+00:00,,,,
cb98e432-c54a-5f0a-8ee8-33078cbd49b9,5c1abce4-0561-5c67-86e8-1c72de2cf664,complete_onboarding,email,2026-04-26 22:30:07+00:00,,,,
8352b9f0-8f3a-5c0d-ae74-8e14a64a3550,85bdeca2-64de-58b3-b06a-1a7d2339c825,complete_onboarding,email,2026-04-29 21:49:21+00:00,,,,
c743d210-e6c3-512b-b3a7-bb16d57aa887,ec759bea-11d6-563c-b3c0-acba7dbb8a70,complete_onboarding,push,2026-04-13 14:21:24+00:00,,,,
389b800f-fd25-5567-99fd-71263d0c8bd8,adddcd79-9894-528c-acdb-706b25d8aaa5,send_win_back,in_app,2026-04-02 15:08:02+00:00,,,,
7eeeffa7-dba6-5ace-ac38-1bc0bdc7a4d3,de7680b9-7314-5085-b309-675f943001b6,complete_onboarding,in_app,2026-04-02 23:22:26+00:00,2026-04-04 19:22:26+00:00,,,
236bfbad-d107-5488-93e3-8f47c1c0a703,883c5592-3075-5dc7-a16c-b84cfa578cf8,complete_onboarding,email,2026-03-10 01:08:48+00:00,,,,
aa450c49-eb81-5a60-980f-db14e7ae78fb,db57ca5a-fae5-5800-a89a-e13489788a7c,send_win_back,push,2026-05-18 16:20:56+00:00,2026-05-19 02:20:56+00:00,,,
aa822800-0231-53ce-bab8-ed4669c6828f,95e0f918-23f1-56d3-bf8a-0c840066dcaa,complete_onboarding,push,2026-03-14 08:13:49+00:00,,,,
73fa4cc7-4d4d-5df4-bc0c-03bd57441ea0,4dc51ae2-171d-54bd-8eae-7d85e535b3f1,complete_onboarding,push,2026-04-21 22:28:51+00:00,,,,
da0bc576-53f9-5fdc-896f-bef23a5cb8d6,a246b92b-c63e-5c69-8dfb-cb424c99bccb,complete_onboarding,in_app,2026-05-14 22:31:01+00:00,,,,
9e10bfb0-1b01-5b30-8cdc-56573f561cac,e265db7b-691d-5bc6-b23f-3fa1256fde2c,complete_onboarding,in_app,2026-03-08 15:41:17+00:00,,,,
b7ce8933-f8f4-5e58-86e6-89c8af9c8d4f,a0feafb3-c626-5361-bc8d-73e62ba5c708,complete_onboarding,email,2026-04-21 22:22:25+00:00,,,,
500dfbe3-e7e3-53c1-9b73-7e4f3429a671,7f70db7d-311b-59a0-b8ed-36272560174c,complete_onboarding,in_app,2026-03-16 10:05:03+00:00,,,,
aa780d5f-8197-51b0-8fbc-57be36f0f747,1c35d4a0-d3f7-56e8-bffe-cdd14b291fe0,complete_onboarding,push,2026-04-19 00:12:32+00:00,,,,
9307808a-90b7-5eba-9e21-3334e6ad833d,a580b7ee-c75f-5ec0-a9cf-68a3e7f57724,complete_onboarding,email,2026-03-13 05:46:10+00:00,,,,
3fd21a18-5953-5e04-853a-4af7a9e40437,3c9c188d-a4d6-543c-a106-01aed6fa5ad0,send_win_back,in_app,2026-05-11 23:17:07+00:00,,,,
b6fceb6b-e4a4-51ef-8ab5-ba508ded0207,fc7c8ab9-ec8a-50cd-a2e3-44b3abae372b,complete_onboarding,push,2026-05-07 21:29:13+00:00,,,,
0457324c-fab8-53df-975e-204a48bd10b8,e817437f-1c44-5cd6-be5b-355a3c87a119,complete_onboarding,in_app,2026-05-05 13:51:44+00:00,,,,
2350c444-2396-50ef-9b6e-2e2833d27895,2476a7a3-58c9-51eb-87d2-d7b8af1990bc,complete_onboarding,email,2026-03-09 00:01:22+00:00,,,,
5880b528-82aa-5752-afd7-3551abfd8302,11a09d99-d9cf-5ad9-bea2-da453147c1da,complete_onboarding,push,2026-03-23 23:14:15+00:00,,,,
f60fb9d0-2778-5f3f-8484-4e32de1cdd11,81f28f8f-c3d1-5d6c-b6db-dd7dcde0bec6,complete_onboarding,in_app,2026-03-23 14:48:39+00:00,,,,
de00c8b9-1094-5182-b1d8-b6616fbf6bff,38869100-4f25-55d9-9ba2-7bea07033f70,complete_onboarding,push,2026-03-16 20:50:38+00:00,,,,
a62e05f5-d410-5ef6-8a3b-20ad5f784fd9,77ccddfa-edcb-520c-b1b9-01b14a35cf43,complete_onboarding,push,2026-05-04 22:47:51+00:00,2026-05-06 19:47:51+00:00,,,
a546dadb-1b6d-5953-bb64-d25ce872c06f,85fd336f-7434-52b9-927a-23ffd23b9bf4,complete_onboarding,email,2026-04-29 14:19:38+00:00,,,,
1aee7d54-589e-57e9-9d0d-0f932feee78a,9b3c8a78-a8c5-54e8-b229-ba80a2d5a2fa,complete_onboarding,email,2026-03-08 00:07:54+00:00,2026-03-08 21:07:54+00:00,2026-03-08 21:35:54+00:00,2026-03-09 08:35:54+00:00,
dfd4bc52-cab6-58ec-98de-eed4d73cf886,5b76e62b-4005-5358-aea9-af67da786321,complete_onboarding,in_app,2026-05-08 20:00:59+00:00,,,,
39b9d402-0dbe-5d6e-a0af-d2ac33542df5,348e8585-ad7a-5e4e-a823-df901cf5a0b9,complete_onboarding,in_app,2026-03-26 22:25:55+00:00,,,,
ce663ca4-9191-5653-9f32-aac41a5d9058,8eae7b79-ae26-5a5d-9194-d064f860ec2f,complete_onboarding,in_app,2026-05-08 18:01:35+00:00,,,,
a7e1d0a0-0409-51ef-a720-36996965f1e1,7b7739c8-5191-5409-8248-8c63d9572081,complete_onboarding,email,2026-03-07 08:59:29+00:00,,,,
fce453cc-b74c-5983-b11f-987d501964e7,ef2a4fc4-7a03-55d3-8b92-cd64b519e0ee,complete_onboarding,in_app,2026-03-17 18:52:30+00:00,,,,
ebff46dd-f6be-5716-a422-ef35715d39f9,35bffc4c-d48b-57dc-9fda-f500ec9514ec,complete_onboarding,email,2026-03-10 13:32:42+00:00,,,,
cb13d2b6-da3d-55b7-bd58-eb956f55a81c,53897241-ee59-5112-8cc7-ed1cf0e453df,complete_onboarding,in_app,2026-05-01 07:15:12+00:00,,,,
a301a752-f298-52ea-ac78-87f2824892fa,f489aabc-6026-56d1-b27a-2b6a1a1b038f,complete_onboarding,in_app,2026-05-12 11:02:20+00:00,,,,
b8087e97-c868-57ef-8fd7-02ba84cc878f,957e1b0c-f442-5b5f-9fe4-e8517154890c,complete_onboarding,push,2026-03-23 11:02:35+00:00,,,,
ca1500e8-1be6-532a-adc5-da30999a6c3d,59ccefce-6eea-549e-9530-8d922a93f445,complete_onboarding,in_app,2026-03-26 20:35:45+00:00,,,,
0f4b6bf1-18fc-56a3-8717-5737972d5d88,3d74ae32-17b6-5eb0-828f-8e090ebbdefb,complete_onboarding,email,2026-05-04 14:37:14+00:00,,,,
4e73134f-e0df-5fc7-964c-473f853d8168,a69a668a-badd-57f5-bb71-6647313cccb4,complete_onboarding,in_app,2026-03-23 21:31:32+00:00,,,,
0257271f-46c9-5d3b-902d-b5c94b23b15e,bafb0db1-d097-5130-8af5-9a4382757dba,complete_onboarding,in_app,2026-03-10 22:46:32+00:00,2026-03-12 17:46:32+00:00,,,
38c0e241-f3bf-56b7-a2bd-5b713a79f2d0,77927e28-6296-5bea-a011-139edfb7883b,complete_onboarding,push,2026-04-22 04:04:45+00:00,,,,
a6832039-94cc-5e5b-8741-6c7be341da9f,a3fa9e81-551e-51de-b96c-962f1691098b,complete_onboarding,email,2026-05-01 06:23:45+00:00,,,,
c7fd603c-cd4b-5c49-b286-88fee0b53b18,af0e7819-d56c-5b69-9c74-f9914415a366,complete_onboarding,in_app,2026-05-10 00:25:44+00:00,,,,
844b55f6-0dad-56ba-8699-d305ea34f4f6,3d239d95-7ba1-5acb-a8ca-c9fb996a0472,send_win_back,push,2026-04-03 07:06:05+00:00,,,,
8b34dd4d-ce77-5918-b2d2-bdd1c38be338,f88771e8-592d-5c5b-a2b6-132e6617a6cf,complete_onboarding,in_app,2026-04-29 06:36:40+00:00,,,,
70cc4fc3-a9e9-5c1f-8337-78d68f914672,c5c49073-2467-53ab-afb5-12332f8d3434,complete_onboarding,in_app,2026-05-04 09:11:15+00:00,,,,
7d6e13ac-5a8c-586c-b2af-d66a3e3478b7,66689a64-bcea-5455-83f3-749ca9bf8ee0,complete_onboarding,email,2026-04-24 04:05:15+00:00,,,,
0cc6e996-9b04-546d-bd6c-56b1be9a8f67,dfcc3924-1ec0-5feb-8226-8d6daf80adae,complete_onboarding,push,2026-05-03 19:41:41+00:00,,,,
aacf4e35-810d-5b5a-8eb7-bd9f0c077a0d,22b0cc24-f840-5e41-8887-de6588341f03,complete_onboarding,in_app,2026-04-07 11:27:27+00:00,,,,
6c59b3a4-8fb3-5dfa-9ed2-370c8566bf26,1e3757d2-d2c9-55a1-bf4c-85039b6a207c,send_win_back,push,2026-04-08 22:09:03+00:00,,,,
a8633310-02e7-5eb7-97ba-18fd3c18dd68,c628a597-2b97-51e1-9777-6d8b44928c0b,complete_onboarding,in_app,2026-03-14 20:20:08+00:00,2026-03-14 22:20:08+00:00,,,
985e815b-57b6-5d3f-8b5c-94d203f79d66,eaa1bf42-86b0-55bf-aaf7-86a479efd07c,complete_onboarding,push,2026-04-13 05:58:21+00:00,,,,
22964cdb-31b7-5eed-8404-1e56a7d70097,d526c398-2ad8-543d-a2c7-4e3b41b672a9,send_win_back,push,2026-05-02 19:55:52+00:00,2026-05-03 17:55:52+00:00,,,
4e486330-7f41-58c8-abdf-eee27697ae81,283c3384-5dea-58ae-aaae-9c09323a6048,complete_onboarding,in_app,2026-04-19 11:17:57+00:00,,,,
7bc8180c-7b43-5ba3-abfc-8d1d709eff36,f16918de-30c1-5d50-a7c0-f06ec693990e,complete_onboarding,in_app,2026-05-04 17:28:22+00:00,,,,
9fd6c836-f2f9-5ff2-8159-11b0f048b7d3,3cc4d0a7-d0a5-508f-bd88-643af54f2275,complete_onboarding,email,2026-04-06 23:10:50+00:00,,,,
a6fec72a-b92a-5a62-9501-973aa1144a2c,152b2251-93f2-5ffc-99c5-988307706250,complete_onboarding,email,2026-05-02 02:52:18+00:00,,,,
af932e46-e7b1-51b8-b75f-248f80fa99bf,4fb4b2d2-5ec4-500b-93b6-f7293caa4fd4,complete_onboarding,push,2026-03-10 15:48:38+00:00,,,,
1fb9a5dc-42f3-5408-856d-89835cb31508,c024b413-119c-5442-8cb6-40d01cc733a7,complete_onboarding,push,2026-03-20 07:40:35+00:00,,,,
f0971348-289e-5b60-9c05-d9e0d9a52e9a,1c9a8ad4-6ea7-5862-9085-1f1ddc8eab23,complete_onboarding,in_app,2026-03-25 16:22:34+00:00,,,,
367063aa-3d11-5c50-91ef-29354e35e259,ebbeb773-dc71-54a2-ae4c-fa425a2ca20c,send_win_back,push,2026-05-13 23:36:06+00:00,,,,
29d50606-dda7-5e5a-af53-b5b471a3972b,8653f596-c7d5-5a9c-831c-2109c323a5d0,complete_onboarding,push,2026-05-13 15:13:07+00:00,,,,
85877d83-0ec1-5555-bc95-c6d2772ab769,3d057559-cc2b-539b-b46a-33ee332fa20f,complete_onboarding,push,2026-04-27 17:02:45+00:00,2026-04-29 09:02:45+00:00,,,
55047cc3-9fc2-5851-8298-4d3a2b323cb6,b187ced5-ce64-575a-a0d9-63bfe9c1aae7,complete_onboarding,in_app,2026-04-18 04:42:57+00:00,,,,
eb4cb6eb-2151-5f29-9579-8f599c3a3f0e,c9a8c6d5-67f1-589d-b96a-eae354d1e330,complete_onboarding,in_app,2026-04-11 03:25:21+00:00,,,,
8db19764-1890-5d20-9183-2af2c0235d45,f063f82d-c325-52e1-88fe-e135aacbc8ac,send_win_back,email,2026-03-30 20:15:10+00:00,,,,
94f91b65-e8b1-5de6-9e7b-d2ec76d3ca71,90e12bd8-bf0a-5e3b-be92-b889b3556f19,complete_onboarding,in_app,2026-04-18 12:36:26+00:00,2026-04-19 02:36:26+00:00,,,
ac89099b-ba9c-501c-ba70-86d9a06a1bcb,0d4db5bf-8ad4-5d01-afc6-93c58bc540bd,send_win_back,push,2026-03-26 07:15:05+00:00,2026-03-26 19:15:05+00:00,2026-03-26 19:59:05+00:00,,
1a70ebce-7396-520f-afb1-54ea67fcaf2c,343145c7-72a4-5ab2-b71e-23b260a6affb,complete_onboarding,push,2026-03-09 22:07:56+00:00,,,,
9f1dc068-3335-56f4-be91-b2e547ad9892,43ba9662-f46b-5b6c-bee6-b1d2b31f4345,complete_onboarding,email,2026-03-22 02:53:18+00:00,,,,
aab26f38-d109-5385-bf1a-b69be4678f56,7671df5e-b9bd-5816-9154-86688994fa12,complete_onboarding,in_app,2026-05-07 00:08:42+00:00,,,,
51cf574b-6e04-528f-a1c5-0bb4ee7efde1,b3ed5a6e-145f-5dd6-af64-190fb1d5a09c,complete_onboarding,in_app,2026-04-07 15:59:16+00:00,,,,
a2d502fc-d265-52c1-aa8c-2d64f65f0497,cbd50deb-f9fe-5e63-91ec-910c1afcfbe3,complete_onboarding,in_app,2026-04-24 23:03:40+00:00,2026-04-26 07:03:40+00:00,,,
51ab0cc2-c4b7-5be6-9b1d-a5a8568cee2e,6dc0c361-a47f-52c0-a5c9-c3f231bdbede,complete_onboarding,in_app,2026-04-04 09:32:48+00:00,2026-04-06 02:32:48+00:00,,,
8afed438-a5e7-58ee-b8af-8fd793427100,86a35ecb-a026-59e9-9817-9769065c3474,send_win_back,push,2026-04-20 14:38:05+00:00,,,,
18f2befe-fe55-5ce2-ac59-da0c6d60f5bd,3daf0a9a-e477-5b22-809a-efb3f9c07004,complete_onboarding,in_app,2026-03-13 07:53:22+00:00,2026-03-15 04:53:22+00:00,2026-03-15 05:41:22+00:00,,
a663c796-8d3a-55c0-b2f0-779b1f88074c,e1917541-718e-5306-8092-81ad20a0c36d,complete_onboarding,in_app,2026-04-29 03:32:20+00:00,,,,
75df3100-dc71-5b5f-b4ec-78acef1cb83a,7d3fec82-4dd9-5f38-97d3-acd7b1c82b12,complete_onboarding,in_app,2026-04-01 23:16:47+00:00,,,,
e5042771-524f-5b0a-b712-dd6dc102dee4,fc160927-401c-5fb7-9284-288218ef2bae,complete_onboarding,in_app,2026-05-13 14:55:29+00:00,,,,
5c90b129-ffd7-5a44-8f62-0de3ea707712,63bb72b7-bcba-554b-a39a-61c22539b1e3,complete_onboarding,in_app,2026-04-16 20:17:27+00:00,,,,
56578148-3221-5920-bcb3-0434d3bdd05d,6d6f1210-4645-530e-8127-a739afccd90c,send_win_back,push,2026-04-26 15:22:34+00:00,,,,
5c72c756-3c5e-577e-9f02-f905594052cf,26b50b63-c43b-5d11-a483-db1ef3826616,complete_onboarding,push,2026-04-30 02:26:15+00:00,,,,
c5762373-3426-57cb-ad05-8f6f726278ce,cd614431-c493-5e26-ab25-442e30f51a98,complete_onboarding,in_app,2026-03-24 13:25:17+00:00,,,,
fadf108e-5fd4-55f2-b956-3fa02d2a7e09,3fd46d1c-9f46-5b81-bbeb-74b13397e3c2,complete_onboarding,in_app,2026-04-19 21:53:30+00:00,,,,
b25c4bb4-382b-58f3-bf92-81ff6c41207a,f280ba5c-0403-56e7-8a88-a265e5b7ca6c,complete_onboarding,in_app,2026-04-15 11:54:57+00:00,2026-04-17 07:54:57+00:00,,,
9c591227-1649-5137-87c1-e31512515453,33bdb411-2891-5db6-a6d8-2783080fe0bd,complete_onboarding,in_app,2026-04-06 19:28:12+00:00,,,,
9acc27ac-1422-5961-a50c-772183b0b666,73f845f7-364c-5b3c-8d17-507332aef8e0,complete_onboarding,in_app,2026-03-17 00:20:07+00:00,,,,
672704f2-a8c8-5039-8fb6-b8ebcfa7b3a0,26d070d7-84cf-588f-8e35-413e0c3636a0,complete_onboarding,in_app,2026-04-13 08:19:34+00:00,,,,
6d1118b7-62b9-5f24-a568-29ca6af6dadb,1d38c0c3-a884-5e74-b617-5099128d8f0a,complete_onboarding,email,2026-03-27 19:01:23+00:00,2026-03-28 12:01:23+00:00,2026-03-28 12:35:23+00:00,,
96e94c29-b8f7-5d5b-8678-bee4693bf979,3bcff472-293a-506a-a975-08d47caa564b,complete_onboarding,in_app,2026-04-15 21:11:46+00:00,,,,
9a82be9f-555f-5ac0-896e-094af5cf57d0,65aeae83-56f3-51b6-8361-6a66954cab48,complete_onboarding,push,2026-04-24 06:49:43+00:00,,,,
5ec3af2e-a0e6-591c-b9b6-c83d44b6e02e,8f5ef5f9-7508-55a7-b319-d40fcb4ac289,complete_onboarding,push,2026-03-24 18:24:27+00:00,,,,
f51f6aaa-e6f6-5ec1-beaa-cb20c634e02d,1b3a1025-3f57-56dd-b162-1c80285ba2e7,complete_onboarding,in_app,2026-04-20 19:07:47+00:00,,,,
973b2ba5-765e-5d6d-8a6f-69b6646de6de,2de365ee-83aa-5953-a166-6ce9eb07b95a,complete_onboarding,email,2026-05-10 21:37:26+00:00,2026-05-12 20:37:26+00:00,,,
3c779010-60e6-5c2d-b100-f2381d2d5ac8,1b318b7f-d0c6-58a8-80c1-6aec293b7375,complete_onboarding,email,2026-03-17 05:48:52+00:00,,,,
f4c0e6a5-c5ae-5e7c-92ea-73421b3e06df,ede9d0f3-24e4-5e10-9294-613977aa1cbc,complete_onboarding,in_app,2026-04-07 20:30:22+00:00,,,,
886566d3-61c0-5b3e-ac48-4f38289186fb,00c282e7-c48c-5319-865e-55235c443e05,send_win_back,email,2026-05-12 16:05:20+00:00,,,,
dd851afb-c26b-506b-b07b-3bdf53b92fd6,4e1bc2f4-3422-54a5-a7f3-334f1cbd2736,complete_onboarding,in_app,2026-04-08 17:13:23+00:00,,,,
32ede630-6226-5be2-9101-bb7f1329a687,659d7b21-8a0a-5190-8bf6-79fa0f1eacf9,complete_onboarding,push,2026-03-15 22:10:50+00:00,2026-03-16 05:10:50+00:00,,,
5f6414fa-1971-50e5-8082-6af6ae241a4e,7a81d568-429d-5089-9f69-03e7b5d60013,complete_onboarding,in_app,2026-05-13 03:57:35+00:00,2026-05-13 08:57:35+00:00,2026-05-13 09:14:35+00:00,,
7ce2e020-7d69-56cb-8b55-d31edd82fdc4,12751076-adf7-5538-8dee-664c68d30d77,complete_onboarding,push,2026-05-11 09:38:28+00:00,,,,
f5b3596e-4ce0-5613-8aa8-2b0bc414ff08,1984e5ae-412d-582a-b287-b2bf599db069,send_win_back,in_app,2026-04-14 04:29:34+00:00,,,,
b7fff59f-baf1-5234-8940-fe47f1b6176b,d57d1bba-4db1-5108-89f1-165ad38ff4d7,send_win_back,email,2026-04-16 00:35:25+00:00,,,,
9601e7c5-4c49-585c-a176-da6a5d9f7e29,1c962394-a87b-53fc-b934-4f927fbcb094,complete_onboarding,in_app,2026-04-30 04:55:15+00:00,,,,
dbf6eb37-8b16-5127-9ac5-8a600647952f,64f7ff29-05db-5c18-9986-aa35b83b2169,complete_onboarding,email,2026-04-18 03:47:42+00:00,,,,
8aef4369-50a2-58f9-b1cb-e72a38800bef,eb10a443-55ef-5763-806f-7bf4cd933eea,complete_onboarding,push,2026-04-03 15:41:52+00:00,,,,
d700ae84-ba97-5b67-a9c5-dc7a58c1b746,297f5dd5-496b-5a85-8d59-4e2fab9a6018,complete_onboarding,in_app,2026-04-19 18:56:43+00:00,,,,
0a29a37e-674b-5bcc-b539-f8b7b8d28148,d9f6f5eb-eacf-556f-b0e0-59bea529aadf,complete_onboarding,email,2026-05-13 00:44:30+00:00,,,,
b865ce16-a84d-5dee-aadf-a34801dbd402,7c7bcc12-a089-52d2-a6ea-befcfd59348c,complete_onboarding,in_app,2026-04-04 09:57:30+00:00,,,,
13fc6071-8e23-59d6-b01b-7d2d46dea402,312d49f9-0c08-5259-b0fe-803e01412461,complete_onboarding,email,2026-03-17 14:06:08+00:00,,,,
553993ca-cab5-5454-b59d-9414eaa2b3c2,ea870719-5f0a-52ee-91d7-179098aa27e7,complete_onboarding,email,2026-04-04 04:56:40+00:00,,,,
aa2402af-0012-58e6-ae7c-a9886d3060ad,d627d393-348d-5e35-817e-983220c3e948,complete_onboarding,in_app,2026-05-03 23:13:48+00:00,,,,
c9e7d372-e58b-509d-9acd-33427bf8e701,c9371918-26d1-5490-8aa4-463bb6bea849,complete_onboarding,in_app,2026-03-22 00:23:33+00:00,,,,
c8d66ed5-f77c-5204-9a72-5e2dc5f0fadb,19e6d9df-67a9-51fe-b57d-6278c43bbd5b,complete_onboarding,push,2026-05-11 11:46:48+00:00,,,,
09f9bfba-74bc-56d8-beee-bc468bdb76e5,0954b34c-76c0-55a3-960a-20b33c6a8d07,complete_onboarding,push,2026-04-17 12:12:18+00:00,,,,
37ca198b-3479-5ba3-b3fa-ee1b7df99a47,a35b105d-d774-5d65-b8df-40500bbde08a,complete_onboarding,email,2026-03-28 21:01:10+00:00,,,,
2c9852b5-eb04-5648-a381-b97eb62ecc0e,e271ac64-3bda-5585-bab6-5d690c0cbfaa,complete_onboarding,in_app,2026-03-09 11:42:53+00:00,,,,
152dbeeb-8b51-5121-8da8-1164bef00ee0,9ebf8b05-d5e3-5e10-b04b-f6f3673dafb0,complete_onboarding,email,2026-03-27 14:35:57+00:00,,,,
e1426092-5a5c-5576-a7a4-0f79d60c766b,215da2d5-7eb5-5a4d-a943-f7aee286de64,complete_onboarding,in_app,2026-04-04 20:52:12+00:00,,,,
f5312a65-6426-56d4-b5a7-71217ac2887f,a581ebf5-5b01-5b9c-a4bd-a8f2a58c8aaa,complete_onboarding,in_app,2026-04-08 22:22:04+00:00,2026-04-10 11:22:04+00:00,,,
f107dab2-e562-578f-8ff3-bab70d415996,8c794982-37fa-5cd0-a494-476323494fc0,send_win_back,push,2026-04-27 17:09:48+00:00,,,,
a980af5f-9561-5357-b070-cb72eda4719a,ff76831a-610f-5e86-9124-423b0b39329b,complete_onboarding,in_app,2026-03-17 04:57:45+00:00,,,,
0e4c18d2-c97f-50e1-b29c-a7e73a4a66f1,6c062ee4-90c9-5318-8c16-904577128b4a,complete_onboarding,push,2026-03-22 13:34:53+00:00,2026-03-22 20:34:53+00:00,,,
a607d5e6-7475-595a-aabe-7dbdf1ed69e6,5ad5784a-b0ff-5151-85da-2c23d4a1f5f6,complete_onboarding,in_app,2026-03-13 13:43:14+00:00,,,,
272b429a-899d-5791-9d08-ea0cfe0a1e72,0f91be64-d699-5f34-8308-f135db57f716,complete_onboarding,push,2026-04-15 11:59:24+00:00,,,,
8ae65556-e7f6-5bbb-b52f-86894aea80d9,159f2055-6cd5-5b4d-842c-64262d08d340,complete_onboarding,in_app,2026-03-31 05:02:17+00:00,,,,
7e59240b-1f3a-5af8-9f67-abc2f4dac5a8,0db9d98a-1c50-5b94-be0e-cf0a0b47109d,complete_onboarding,email,2026-04-15 00:55:04+00:00,,,,
c465c6c7-ccb5-5b6f-baa8-c8b6928b90b2,c49d7be3-d3bd-5f47-bbf0-07f89b4d6a8a,complete_onboarding,in_app,2026-04-16 16:34:00+00:00,2026-04-17 01:34:00+00:00,,,
c657f996-4b0f-559e-8c0c-aa9e7bd8a0ca,73769424-135b-54e4-ac5b-1882c006eed3,complete_onboarding,email,2026-04-24 10:30:55+00:00,,,,
5e2ad08e-e0ee-5634-89bf-1c68fdccc677,b11a3aa1-79bc-5892-88ee-03d112dbbeb3,complete_onboarding,in_app,2026-04-13 17:53:26+00:00,2026-04-14 10:53:26+00:00,,,
fde8d5c7-dd58-5e49-8707-209a5752f74a,99398040-4686-59af-9b2d-fbd956863f39,complete_onboarding,in_app,2026-04-20 17:00:08+00:00,,,,
3435a4da-f42c-581e-88d0-08241f32eb17,1e030ecd-8ed0-5500-8ed4-312e129b164b,complete_onboarding,in_app,2026-04-16 12:19:13+00:00,,,,
fe4269e2-c7c3-5fe2-a077-174f1d6a1155,c06fe44a-87c7-5088-a3e8-ced9b449ce4d,complete_onboarding,in_app,2026-04-21 00:25:43+00:00,,,,
6a58a700-040a-5af0-852d-848890f99ce1,8e4f3ac9-dcb7-54aa-8b02-0110bb05167b,complete_onboarding,push,2026-04-18 13:09:43+00:00,,,,
0925689d-723a-5592-ba31-f9dfdb28c125,7f07e594-0812-5117-ac07-d3033917a137,send_win_back,push,2026-04-11 23:50:48+00:00,,,,
c83be7b7-cf4b-5e23-97d0-1079221d21bf,e4aada06-5c6e-58ac-b8ae-3974c5846503,complete_onboarding,in_app,2026-03-20 14:11:13+00:00,,,,
43f53f49-646d-5e3a-89de-751dd71add7d,b9a5880d-75cc-5e73-96d2-e35463ab05b8,complete_onboarding,push,2026-04-05 18:25:41+00:00,,,,
196ecca6-dfb9-5532-99b3-5a815ae70adf,8478bcd3-3340-5f6d-885e-4014b41d2aba,complete_onboarding,email,2026-04-11 09:05:45+00:00,,,,
